field_1,field_2,field_3
"2807","148","148"
"2808","0","0"
"2809","290","290"
"2810","227","228"
"2811","535","535"
"2812","0","0"
"2813","90","90"
"2814","31","31"
"2815","2685","2685"
"2816","1950","1950"
"2817","1513","1513"
"2818","1440","1440"
"2819","0","0"
"2820","0","0"
"2821","0","0"
"2822","0","0"
"2823","546","547"
"2824","0","0"
"2827","415","415"
"2828","712","713"
"2829","0","0"
"2830","0","0"
"2831","1231","1232"
"2832","612","613"
"2833","1508","1509"
"2834","4163","4164"
"2835","72","73"
"2836","320","320"
"2837","0","0"
"2838","0","0"
"2843","0","0"
"2847","3505","3507"
"2848","0","0"
"2849","4728","4731"
"2850","984","747"
"2851","0","0"
"2852","0","0"
"2853","0","0"
"2854","0","0"
"2857","26920","24331"
"2860","773","346"
"2861","1672","1677"
"2862","4182","3276"
"2863","2719","2454"
"2864","3729","3733"
"2865","10287","10292"
"2866","2762","2768"
"2867","0","0"
"2868","0","0"
"2869","0","0"
"2870","0","0"
"2875","14264","12265"
"2876","31609","28949"
"2877","36219","33565"
"2878","28443","26259"
"2879","6047","6054"
"2880","4968","4976"
"2881","0","0"
"2882","0","0"
"2883","0","0"
"2884","0","0"
"2885","0","0"
"2886","0","0"
"2891","27055","25037"
"2892","90025","87133"
"2895","4427","4442"
"2896","5390","5409"
"2897","41931","41039"
"2898","108927","106936"
"2899","0","0"
"2900","0","0"
"2901","0","0"
"2902","49052","48201"
"3325","0","0"
"3326","0","0"
"3327","0","0"
"3328","344","344"
"3329","0","0"
"3330","0","0"
"3331","0","0"
"3332","0","0"
"3333","0","0"
"3334","0","0"
"3335","8","8"
"3336","1649","1649"
"3337","0","0"
"3338","0","0"
"3339","0","0"
"3340","161","161"
"3341","0","0"
"3342","0","0"
"3343","0","0"
"3344","0","0"
"3345","0","0"
"3346","0","0"
"3347","0","0"
"3348","69","69"
"3349","150","150"
"3350","0","0"
"3351","0","0"
"3352","0","0"
"3353","649","649"
"3354","445","445"
"3355","53","53"
"3356","0","0"
"3357","0","0"
"3358","0","0"
"3359","0","0"
"3360","0","0"
"3361","1","0"
"3362","0","0"
"3363","23","17"
"3364","161","163"
"3365","0","0"
"3366","2","1"
"3367","1","0"
"3368","2","0"
"3369","0","0"
"3370","0","0"
"3371","0","0"
"3372","14","11"
"3373","0","0"
"3374","164","166"
"3375","25","12"
"3376","24","10"
"3377","0","0"
"3378","0","0"
"3379","0","0"
"3380","29","17"
"3381","69","70"
"3382","0","0"
"3383","243","245"
"3384","13","6"
"3385","2","0"
"3386","0","0"
"3387","0","0"
"3388","21","16"
"3389","12","3"
"3390","13","4"
"3391","692","699"
"3392","145","117"
"3393","95","82"
"3394","172","173"
"3395","115","97"
"3396","182","174"
"3397","40","31"
"3398","37","26"
"3399","30","19"
"3400","21","10"
"3401","32","26"
"3402","24","17"
"3403","108","110"
"3404","19","12"
"3405","79","50"
"3406","56","28"
"3407","58","27"
"3408","0","0"
"3409","237","242"
"3410","114","96"
"3411","6749","5703"
"3412","56471","56477"
"3413","347","351"
"3414","156","159"
"3415","5191","3312"
"3416","0","0"
"3417","50","43"
"3418","3","1"
"3419","101","101"
"3420","0","0"
"3421","319","0"
"3422","57826","57005"
"3423","91402","90707"
"3425","115737","109193"
"3426","44114","43763"
"3427","74857","74353"
"3429","3366","2337"
"3430","0","0"
"3431","3166","2047"
"3433","7123","6567"
"3434","79633","81268"
"3435","0","0"
"3436","103407","102940"
"3852","0","0"
"3853","0","0"
"3854","0","0"
"3855","21","21"
"3856","0","0"
"3857","0","0"
"3858","13","13"
"3859","0","0"
"3860","0","0"
"3861","0","0"
"3862","0","0"
"3863","129","129"
"3864","0","0"
"3865","0","0"
"3866","195","195"
"3867","1888","1888"
"3868","533","533"
"3869","205","205"
"3870","0","0"
"3871","0","0"
"3872","153","153"
"3873","86","86"
"3874","231","231"
"3875","0","0"
"3876","0","0"
"3877","202","202"
"3878","240","240"
"3879","0","0"
"3880","0","0"
"3881","0","0"
"3882","0","0"
"3883","0","0"
"3884","108","108"
"3885","20","20"
"3886","12","10"
"3887","18","17"
"3888","0","0"
"3889","0","0"
"3890","0","0"
"3891","5","4"
"3892","0","0"
"3893","17","17"
"3894","0","0"
"3895","2","1"
"3896","19","19"
"3897","0","0"
"3898","61","61"
"3899","0","0"
"3900","0","0"
"3901","6","3"
"3902","7","4"
"3903","1","0"
"3904","11","10"
"3905","48","48"
"3906","16","14"
"3907","21","21"
"3908","45","45"
"3909","0","0"
"3910","47","47"
"3911","34","35"
"3912","0","0"
"3913","33","33"
"3914","1","1"
"3915","78","78"
"3916","31","29"
"3917","28","25"
"3918","11","7"
"3919","72","74"
"3920","35","35"
"3921","85","85"
"3922","0","0"
"3923","119","120"
"3924","0","0"
"3925","85","86"
"3926","10","8"
"3927","69","69"
"3928","0","0"
"3929","44","44"
"3930","0","0"
"3931","0","0"
"3932","9","5"
"3933","21","18"
"3934","0","0"
"3935","0","0"
"3936","232","233"
"3937","0","0"
"3938","0","0"
"3939","3102","3102"
"3940","14","13"
"3941","144","145"
"3942","0","0"
"3943","0","0"
"3944","68","68"
"3945","132","133"
"3946","0","0"
"3947","39","39"
"3948","0","0"
"3949","22879","20702"
"3950","0","0"
"3951","20851","20735"
"3952","1457","1267"
"3953","1330","1116"
"3954","14800","15309"
"3955","21655","21916"
"3956","0","0"
"3957","0","0"
"3958","54266","56090"
"3959","18928","18986"
"3960","1093","896"
"3961","720","568"
"3962","172","98"
"3963","21375","21482"
"4424","0","0"
"4425","0","0"
"4426","39","39"
"4427","816","816"
"4428","4","4"
"4429","0","0"
"4430","0","0"
"4431","206","206"
"4432","0","0"
"4433","0","0"
"4434","0","0"
"4435","1884","1884"
"4436","0","0"
"4437","0","0"
"4438","0","0"
"4439","0","0"
"4440","0","0"
"4441","0","0"
"4442","0","0"
"4443","0","0"
"4444","0","0"
"4445","82","82"
"4446","58","58"
"4447","50","49"
"4448","0","0"
"4449","58","58"
"4450","0","0"
"4451","0","0"
"4452","106","106"
"4453","0","0"
"4454","0","0"
"4455","0","0"
"4456","0","0"
"4457","10","10"
"4458","0","0"
"4459","0","0"
"4460","34","34"
"4461","0","0"
"4462","53","53"
"4463","15","15"
"4464","6","6"
"4465","13","13"
"4466","8","8"
"4467","21","21"
"4468","13","13"
"4469","0","0"
"4470","39","39"
"4471","0","0"
"4472","46","46"
"4473","12","12"
"4474","0","0"
"4475","0","0"
"4476","0","0"
"4477","15","15"
"4478","37","37"
"4479","165","165"
"4480","9","9"
"4481","0","0"
"4482","0","0"
"4483","0","0"
"4484","35","35"
"4485","0","0"
"4486","0","0"
"4487","145","145"
"4488","0","0"
"4489","18","18"
"4490","0","0"
"4491","0","0"
"4492","0","0"
"4493","36","36"
"4494","14","14"
"4495","0","0"
"4496","0","0"
"4497","0","0"
"4498","0","0"
"4499","0","0"
"4500","270","270"
"4501","0","0"
"4502","0","0"
"4503","0","0"
"4504","27","28"
"4505","8","7"
"4506","2","1"
"4507","24","20"
"4508","0","0"
"4509","4","3"
"4510","0","0"
"4511","0","0"
"4512","0","0"
"4513","15","14"
"4514","1","0"
"4515","0","0"
"4516","61","61"
"4517","7","5"
"4518","0","0"
"4519","327","332"
"4520","26","16"
"4521","1079","904"
"4522","402","277"
"4523","21738","22029"
"4524","1037","1045"
"4525","1025","866"
"4526","425","289"
"4527","25070","25420"
"4528","2431","2441"
"4529","209","163"
"4530","549","427"
"4531","22467","22762"
"4532","0","0"
"4533","219","172"
"4534","600","477"
"4535","20649","20979"
"5038","0","0"
"5039","0","0"
"5040","0","0"
"5041","2168","2168"
"5042","0","0"
"5043","0","0"
"5044","0","0"
"5045","701","701"
"5046","18","18"
"5047","0","0"
"5048","0","0"
"5049","0","0"
"5050","0","0"
"5051","0","0"
"5052","0","0"
"5053","0","0"
"5054","0","0"
"5055","0","0"
"5056","0","0"
"5057","0","0"
"5058","0","0"
"5059","0","0"
"5060","0","0"
"5061","0","0"
"5062","256","256"
"5063","24","24"
"5064","0","0"
"5065","45","45"
"5066","379","379"
"5067","0","0"
"5068","33","33"
"5069","0","0"
"5070","23","23"
"5071","9","9"
"5072","31","31"
"5073","0","0"
"5074","0","0"
"5075","25","25"
"5076","22","22"
"5077","0","0"
"5078","0","0"
"5079","66","66"
"5080","0","0"
"5081","27","27"
"5082","0","0"
"5083","0","0"
"5084","179","179"
"5085","15","15"
"5086","3","3"
"5087","0","0"
"5088","0","0"
"5089","0","0"
"5090","21","21"
"5091","7","7"
"5092","19","19"
"5093","0","0"
"5094","0","0"
"5095","0","0"
"5096","47","47"
"5097","0","0"
"5098","0","0"
"5099","0","0"
"5100","20","20"
"5101","7","7"
"5102","485","485"
"5103","12","12"
"5104","63","63"
"5105","0","0"
"5106","463","463"
"5107","88","88"
"5108","0","0"
"5109","0","0"
"5110","3","2"
"5111","0","0"
"5112","0","0"
"5113","11","11"
"5114","0","0"
"5115","0","0"
"5116","3","3"
"5117","0","0"
"5118","11","12"
"5119","11","9"
"5120","14","10"
"5121","3","1"
"5122","0","0"
"5123","0","0"
"5124","62","64"
"5125","2","0"
"5126","9","9"
"5127","17","18"
"5128","79","80"
"5129","8","4"
"5130","0","0"
"5131","35","36"
"5132","0","0"
"5133","7","4"
"5134","152","141"
"5135","106","65"
"5136","697","592"
"5137","21845","22094"
"5138","127","124"
"5139","130","99"
"5140","0","0"
"5141","23853","24096"
"5142","42","39"
"5143","3084","2733"
"5144","0","0"
"5145","47512","47843"
"5146","82","85"
"5147","116","104"
"5148","0","0"
"5149","71510","71775"
"5652","0","0"
"5653","0","0"
"5654","0","0"
"5655","0","0"
"5656","0","0"
"5657","0","0"
"5658","0","0"
"5659","0","0"
"5660","0","0"
"5661","0","0"
"5662","0","0"
"5663","0","0"
"5664","0","0"
"5665","0","0"
"5666","0","0"
"5667","0","0"
"5668","74","74"
"5669","0","0"
"5670","14","14"
"5671","341","341"
"5672","1216","1216"
"5673","0","0"
"5674","0","0"
"5675","0","0"
"5676","1208","1208"
"5677","390","390"
"5678","0","0"
"5679","0","0"
"5680","608","608"
"5681","1060","1060"
"5682","0","0"
"5683","0","0"
"5684","0","0"
"5685","0","0"
"5686","17","17"
"5687","290","290"
"5688","94","94"
"5689","0","0"
"5690","0","0"
"5691","0","0"
"5692","0","0"
"5693","45","44"
"5694","3","3"
"5695","15","15"
"5696","0","0"
"5697","17","17"
"5698","0","0"
"5699","0","0"
"5700","36","36"
"5701","0","0"
"5702","0","0"
"5703","14","14"
"5704","0","0"
"5705","0","0"
"5706","0","0"
"5707","0","0"
"5708","0","0"
"5709","0","0"
"5710","0","0"
"5711","11","11"
"5712","76","76"
"5713","399","399"
"5714","0","0"
"5715","0","0"
"5716","0","0"
"5717","35","35"
"5718","0","0"
"5719","0","0"
"5720","0","0"
"5721","0","0"
"5722","0","0"
"5723","0","0"
"5724","41","41"
"5725","18","18"
"5726","0","0"
"5727","21","21"
"5728","0","0"
"5729","7","7"
"5730","0","0"
"5731","74","74"
"5732","0","0"
"5733","0","0"
"5734","2113","2114"
"5735","0","0"
"5736","5","5"
"5737","0","0"
"5738","0","0"
"5739","0","0"
"5740","10","10"
"5741","0","0"
"5742","4048","4048"
"5743","0","0"
"5744","0","0"
"5745","7","7"
"5746","0","0"
"5747","89","91"
"5748","63","64"
"5749","2554","2377"
"5750","25555","25403"
"5752","99","101"
"5753","297","304"
"5754","735","650"
"5756","289","231"
"5757","0","0"
"5758","2502","1836"
"5759","5551","4520"
"5760","0","0"
"5761","18222","17510"
"6281","23","23"
"6282","0","0"
"6283","0","0"
"6284","0","0"
"6285","32","32"
"6286","0","0"
"6287","0","0"
"6288","0","0"
"6289","51","51"
"6290","16","16"
"6291","0","0"
"6292","0","0"
"6293","0","0"
"6294","0","0"
"6295","0","0"
"6296","0","0"
"6297","197","197"
"6298","222","222"
"6299","163","163"
"6300","182","182"
"6301","248","248"
"6302","0","0"
"6303","0","0"
"6304","0","0"
"6305","650","649"
"6306","346","346"
"6307","0","0"
"6308","47","47"
"6309","43","43"
"6310","849","849"
"6311","0","0"
"6312","0","0"
"6313","0","0"
"6314","0","0"
"6315","0","0"
"6316","0","0"
"6317","294","294"
"6318","0","0"
"6319","0","0"
"6320","32","32"
"6321","192","192"
"6322","7","7"
"6323","0","0"
"6324","0","0"
"6325","0","0"
"6326","0","0"
"6327","1","1"
"6328","0","0"
"6329","0","0"
"6330","0","0"
"6331","0","0"
"6332","16","15"
"6333","101","101"
"6334","0","0"
"6335","0","0"
"6336","0","0"
"6337","28","28"
"6338","0","0"
"6339","0","0"
"6340","0","0"
"6341","4","4"
"6342","86","86"
"6343","0","0"
"6344","4","4"
"6345","0","0"
"6346","0","0"
"6347","67","67"
"6348","0","0"
"6349","20","20"
"6350","0","0"
"6351","0","0"
"6352","0","0"
"6353","0","0"
"6354","12","12"
"6355","3","3"
"6356","0","0"
"6357","5","5"
"6358","5","5"
"6359","0","0"
"6360","0","0"
"6361","0","0"
"6362","6","5"
"6363","54","56"
"6364","39","34"
"6365","0","0"
"6366","20","21"
"6367","62","64"
"6368","45","42"
"6369","0","0"
"6370","61","61"
"6371","10","8"
"6372","76","79"
"6373","47","47"
"6374","28","29"
"6375","9","7"
"6376","27","24"
"6377","0","0"
"6378","20158","19423"
"6381","122","116"
"6382","592","344"
"6385","50","39"
"6386","243","240"
"6387","3218","2897"
"6388","1897","1166"
"6389","61","54"
"6390","145","133"
"6391","504","539"
"6392","0","0"
"6401","140907","142139"
"6405","63383","64759"
"6911","0","0"
"6912","1018","1018"
"6913","0","0"
"6914","0","0"
"6915","0","0"
"6916","199","199"
"6917","0","0"
"6918","0","0"
"6919","0","0"
"6920","0","0"
"6921","0","0"
"6922","0","0"
"6923","0","0"
"6924","1307","1307"
"6925","635","635"
"6926","0","0"
"6927","0","0"
"6928","0","0"
"6929","19","19"
"6930","113","113"
"6931","24","24"
"6932","32","32"
"6933","0","0"
"6934","0","0"
"6935","0","0"
"6936","0","0"
"6937","210","210"
"6938","47","47"
"6939","0","0"
"6940","75","75"
"6941","0","0"
"6942","0","0"
"6943","0","0"
"6944","0","0"
"6945","0","0"
"6946","0","0"
"6947","6","6"
"6948","47","47"
"6949","0","0"
"6950","13","13"
"6951","0","0"
"6952","161","161"
"6953","0","0"
"6954","0","0"
"6955","8","8"
"6956","63","62"
"6957","0","0"
"6958","5","4"
"6959","0","0"
"6960","8","8"
"6961","0","0"
"6962","0","0"
"6963","8","8"
"6964","136","136"
"6965","0","0"
"6966","29","29"
"6967","0","0"
"6968","0","0"
"6969","0","0"
"6970","25","25"
"6971","0","0"
"6972","0","0"
"6973","0","0"
"6974","21","22"
"6975","0","0"
"6976","0","0"
"6977","14","13"
"6978","25","23"
"6979","0","0"
"6980","0","0"
"6981","67","68"
"6982","43","46"
"6983","47","48"
"6984","22","23"
"6985","17","18"
"6986","19","19"
"6987","0","0"
"6988","0","0"
"6989","0","0"
"6990","29","30"
"6991","31","24"
"6992","141","140"
"6993","384","414"
"6994","0","0"
"6995","7","3"
"6996","211","222"
"6997","105","86"
"6998","0","0"
"6999","7","4"
"7000","73","74"
"7001","239","256"
"7002","0","0"
"7003","4","2"
"7004","1","0"
"7005","73","71"
"7006","93","83"
"7007","51273","51891"
"7011","0","0"
"7012","13461","13606"
"7013","105248","110221"
"7015","0","0"
"7016","218","151"
"7017","28111","29581"
"7019","0","0"
"7020","6","0"
"7021","17","6"
"7022","56923","60639"
"7525","0","0"
"7526","100","100"
"7527","375","375"
"7528","0","0"
"7529","0","0"
"7530","0","0"
"7531","86","86"
"7532","244","244"
"7533","0","0"
"7534","0","0"
"7535","164","164"
"7536","0","0"
"7537","0","0"
"7538","0","0"
"7539","1116","1116"
"7540","370","370"
"7541","0","0"
"7542","0","0"
"7543","4","4"
"7544","0","0"
"7545","0","0"
"7546","0","0"
"7547","7","7"
"7548","0","0"
"7549","0","0"
"7550","0","0"
"7551","0","0"
"7552","0","0"
"7553","0","0"
"7554","0","0"
"7555","31","31"
"7556","19","19"
"7557","6","6"
"7558","0","0"
"7559","0","0"
"7560","0","0"
"7561","3","3"
"7562","7","7"
"7563","0","0"
"7564","6","6"
"7565","0","0"
"7566","0","0"
"7567","0","0"
"7568","0","0"
"7569","2","2"
"7570","0","0"
"7571","7","7"
"7572","0","0"
"7573","0","0"
"7574","36","36"
"7575","0","0"
"7576","0","0"
"7577","14","14"
"7578","0","0"
"7579","152","152"
"7580","20","20"
"7581","0","0"
"7582","0","0"
"7583","0","0"
"7584","13","13"
"7585","0","0"
"7586","0","0"
"7587","0","0"
"7588","0","0"
"7589","2","2"
"7590","0","0"
"7591","0","0"
"7592","20","21"
"7593","13","13"
"7594","23","23"
"7595","0","0"
"7596","22","23"
"7597","25","25"
"7598","13","13"
"7599","0","0"
"7600","0","0"
"7601","0","0"
"7602","24","24"
"7603","1","1"
"7604","0","0"
"7605","9","7"
"7606","19","17"
"7607","0","0"
"7608","501","512"
"7609","0","0"
"7610","3","2"
"7611","10","8"
"7612","0","0"
"7613","51","52"
"7614","0","0"
"7615","114","116"
"7616","0","0"
"7617","22","22"
"7618","0","0"
"7619","77","77"
"7620","0","0"
"7621","0","0"
"7622","32","17"
"7623","265","248"
"7624","20134","21587"
"7625","0","0"
"7626","0","0"
"7627","307","338"
"7628","7916","8606"
"7629","0","0"
"7630","0","0"
"7631","731","750"
"7632","0","0"
"7633","0","0"
"7634","0","0"
"7635","348","364"
"7636","0","0"
"7645","47267","51364"
"7649","24119","26358"
"8139","0","0"
"8140","0","0"
"8141","955","955"
"8142","710","710"
"8143","0","0"
"8144","0","0"
"8145","0","0"
"8146","330","331"
"8147","0","0"
"8148","0","0"
"8149","40","40"
"8150","652","652"
"8151","0","0"
"8152","0","0"
"8153","0","0"
"8154","0","0"
"8155","0","0"
"8156","0","0"
"8157","16","16"
"8158","24","24"
"8159","0","0"
"8160","0","0"
"8161","0","0"
"8162","0","0"
"8163","0","0"
"8164","11","11"
"8165","0","0"
"8166","0","0"
"8167","0","0"
"8168","0","0"
"8169","0","0"
"8170","0","0"
"8171","0","0"
"8172","5","5"
"8173","0","0"
"8174","0","0"
"8175","0","0"
"8176","0","0"
"8177","5","5"
"8178","1","1"
"8179","0","0"
"8180","0","0"
"8181","0","0"
"8182","0","0"
"8183","0","0"
"8184","0","0"
"8185","0","0"
"8186","0","0"
"8187","0","0"
"8188","0","0"
"8189","0","0"
"8190","24","24"
"8191","6","6"
"8192","0","0"
"8193","0","0"
"8194","11","11"
"8195","0","0"
"8196","0","0"
"8197","8","8"
"8198","0","0"
"8199","0","0"
"8200","0","0"
"8201","0","0"
"8202","0","0"
"8203","32","32"
"8204","0","0"
"8205","0","0"
"8206","0","0"
"8207","0","0"
"8208","0","0"
"8209","0","0"
"8210","0","0"
"8211","0","0"
"8212","0","0"
"8213","0","0"
"8214","0","0"
"8215","219","219"
"8216","202","202"
"8217","0","0"
"8218","684","684"
"8219","31","32"
"8220","0","0"
"8221","0","0"
"8222","165","166"
"8223","18","18"
"8224","53","53"
"8225","0","0"
"8226","0","0"
"8227","0","0"
"8228","72","72"
"8229","0","0"
"8230","0","0"
"8231","0","0"
"8232","36","36"
"8233","0","0"
"8234","0","0"
"8235","146","148"
"8236","0","0"
"8237","264","279"
"8238","0","0"
"8239","134","136"
"8240","0","0"
"8241","0","0"
"8242","0","0"
"8243","1","1"
"8244","0","0"
"8245","0","0"
"8246","0","1"
"8247","0","0"
"8248","13","17"
"8249","0","0"
"8250","0","0"
"8251","12007","13357"
"8255","0","0"
"8256","61014","67693"
"8259","60","49"
"8260","30169","33252"
"8263","555","663"
"8264","16190","18380"
"8738","0","0"
"8739","0","0"
"8740","68","68"
"8741","86","86"
"8742","0","0"
"8743","0","0"
"8744","0","0"
"8745","233","233"
"8746","0","0"
"8747","0","0"
"8748","17","17"
"8749","138","138"
"8750","0","0"
"8751","0","0"
"8752","0","0"
"8753","33","33"
"8754","93","93"
"8755","0","0"
"8756","0","0"
"8757","7","7"
"8758","31","31"
"8759","0","0"
"8760","1","1"
"8761","6","6"
"8762","0","0"
"8763","10","10"
"8764","24","24"
"8765","31","31"
"8766","169","169"
"8767","57","57"
"8768","0","0"
"8769","0","0"
"8770","0","0"
"8771","4","4"
"8772","0","0"
"8773","0","0"
"8774","0","0"
"8775","0","0"
"8776","0","0"
"8777","0","0"
"8778","13","13"
"8779","9","9"
"8780","0","0"
"8781","0","0"
"8782","0","0"
"8783","0","0"
"8784","0","0"
"8785","0","0"
"8786","0","0"
"8787","0","0"
"8788","0","0"
"8789","0","0"
"8790","0","0"
"8791","0","0"
"8792","0","0"
"8793","56","56"
"8794","0","0"
"8795","0","0"
"8796","0","0"
"8797","0","0"
"8798","0","0"
"8799","0","0"
"8800","0","0"
"8801","540","540"
"8802","276","276"
"8803","595","595"
"8804","0","0"
"8805","0","0"
"8806","0","0"
"8807","410","410"
"8808","198","198"
"8809","0","0"
"8810","301","301"
"8811","5","5"
"8812","0","0"
"8813","667","667"
"8814","0","0"
"8815","414","414"
"8816","647","647"
"8817","0","0"
"8818","412","412"
"8819","0","0"
"8820","0","0"
"8821","0","0"
"8822","0","0"
"8823","0","0"
"8824","40","40"
"8825","0","0"
"8826","627","627"
"8827","0","0"
"8828","103","104"
"8829","0","0"
"8830","0","0"
"8831","332","332"
"8832","0","0"
"8833","1","1"
"8834","30","31"
"8835","0","0"
"8836","0","0"
"8837","0","0"
"8838","0","0"
"8839","0","0"
"8840","0","0"
"8841","0","0"
"8842","86","88"
"8843","0","0"
"8844","0","0"
"8845","0","0"
"8846","0","0"
"8847","0","0"
"8848","3","4"
"8849","0","0"
"8850","1146","1254"
"8851","0","0"
"8852","90465","102989"
"8854","718","831"
"8855","0","0"
"8856","48233","55183"
"8858","0","0"
"8859","1025","1316"
"8860","39824","46531"
"8862","0","0"
"8863","0","4"
"8864","40054","45729"
"9337","0","0"
"9338","0","0"
"9339","0","0"
"9340","235","235"
"9341","0","0"
"9342","0","0"
"9343","0","0"
"9344","0","0"
"9345","0","0"
"9346","0","0"
"9347","0","0"
"9348","0","0"
"9349","0","0"
"9350","0","0"
"9351","0","0"
"9352","0","0"
"9353","135","135"
"9354","0","0"
"9355","0","0"
"9356","47","47"
"9357","634","634"
"9358","47","47"
"9359","0","0"
"9360","34","35"
"9361","300","300"
"9362","195","195"
"9363","0","0"
"9364","0","0"
"9365","0","0"
"9366","532","532"
"9367","0","0"
"9368","0","0"
"9369","0","0"
"9370","2","2"
"9371","8","8"
"9372","0","0"
"9373","29","29"
"9374","0","0"
"9375","0","0"
"9376","0","0"
"9377","0","0"
"9378","0","0"
"9379","0","0"
"9380","0","0"
"9381","0","0"
"9382","27","28"
"9383","0","0"
"9384","2","3"
"9385","0","0"
"9386","0","0"
"9387","629","629"
"9388","0","0"
"9389","0","0"
"9390","0","0"
"9391","0","0"
"9392","786","786"
"9393","0","0"
"9394","50","50"
"9395","0","0"
"9396","0","0"
"9397","43","43"
"9398","0","0"
"9399","38","38"
"9400","0","0"
"9401","795","795"
"9402","0","0"
"9403","152","152"
"9404","722","722"
"9405","514","515"
"9406","420","420"
"9407","0","0"
"9408","0","0"
"9409","0","0"
"9410","555","555"
"9411","415","415"
"9412","0","0"
"9413","0","0"
"9414","0","0"
"9415","0","0"
"9416","232","232"
"9417","1077","1077"
"9418","0","0"
"9419","0","0"
"9420","44","45"
"9421","0","0"
"9422","0","0"
"9423","0","0"
"9424","0","0"
"9425","0","0"
"9426","8","9"
"9427","73","74"
"9428","142","144"
"9429","0","0"
"9430","12","12"
"9431","139","140"
"9432","0","0"
"9433","0","0"
"9434","0","0"
"9435","4","5"
"9436","1","4"
"9437","0","0"
"9438","14","15"
"9439","0","0"
"9440","0","0"
"9441","0","0"
"9442","4","4"
"9443","9","9"
"9444","0","1"
"9445","0","0"
"9446","14","15"
"9447","24","25"
"9448","27","26"
"9449","0","0"
"9450","2887","3179"
"9451","38607","43828"
"9453","0","0"
"9454","0","0"
"9455","38909","43083"
"9457","2","8"
"9458","0","0"
"9459","41580","45488"
"9461","0","4"
"9462","0","0"
"9463","31451","35199"
"9936","0","0"
"9937","0","0"
"9938","0","0"
"9939","0","0"
"9940","0","0"
"9941","0","0"
"9942","0","0"
"9943","0","0"
"9944","0","0"
"9945","0","0"
"9946","0","0"
"9947","0","0"
"9948","0","0"
"9949","0","0"
"9950","0","0"
"9951","0","0"
"9952","0","0"
"9953","542","542"
"9954","0","0"
"9955","0","0"
"9956","0","0"
"9957","253","254"
"9958","137","138"
"9959","0","0"
"9960","0","0"
"9961","0","0"
"9962","661","663"
"9963","220","222"
"9964","0","0"
"9965","0","0"
"9966","32","35"
"9967","400","402"
"9968","0","0"
"9969","0","0"
"9970","0","0"
"9971","0","0"
"9972","0","0"
"9973","0","0"
"9974","0","0"
"9975","0","0"
"9976","76","77"
"9977","0","0"
"9978","256","257"
"9979","622","623"
"9980","0","0"
"9981","245","247"
"9982","0","0"
"9983","0","0"
"9984","0","0"
"9985","0","0"
"9986","0","0"
"9987","18","19"
"9988","0","0"
"9989","0","0"
"9990","0","0"
"9991","0","0"
"9992","0","0"
"9993","11","11"
"9994","0","0"
"9995","0","0"
"9996","0","0"
"9997","0","0"
"9998","27","27"
"9999","77","78"
"10000","0","0"
"10001","347","347"
"10002","0","0"
"10003","1660","1660"
"10004","0","0"
"10005","0","0"
"10006","0","0"
"10007","0","0"
"10008","0","0"
"10009","0","0"
"10010","0","0"
"10011","74","74"
"10012","0","0"
"10013","56","56"
"10014","2","3"
"10015","0","0"
"10016","0","0"
"10017","0","0"
"10018","186","187"
"10019","0","0"
"10020","0","0"
"10021","37","38"
"10022","628","630"
"10023","0","0"
"10024","58","59"
"10025","263","264"
"10026","0","0"
"10027","0","0"
"10028","244","245"
"10029","567","568"
"10030","0","0"
"10031","0","0"
"10032","0","0"
"10033","0","0"
"10034","0","0"
"10035","0","0"
"10036","0","0"
"10037","5","5"
"10038","0","0"
"10039","0","0"
"10040","0","0"
"10041","0","0"
"10042","0","0"
"10043","0","0"
"10044","975","990"
"10045","512","546"
"10046","55","51"
"10047","0","0"
"10048","19","42"
"10049","0","0"
"10050","51363","55444"
"10052","0","0"
"10053","0","0"
"10054","52757","57243"
"10056","0","0"
"10057","0","0"
"10058","71563","76907"
"10060","0","0"
"10061","0","0"
"10062","81472","87696"
"10521","0","0"
"10522","0","0"
"10523","0","0"
"10524","415","418"
"10525","0","0"
"10526","0","0"
"10527","0","0"
"10528","0","0"
"10529","0","0"
"10530","0","0"
"10531","0","0"
"10532","0","0"
"10533","0","0"
"10534","0","0"
"10535","0","0"
"10536","0","0"
"10537","11","20"
"10538","11","19"
"10539","0","0"
"10540","0","0"
"10541","130","134"
"10542","133","136"
"10543","0","0"
"10544","0","0"
"10545","0","0"
"10546","0","0"
"10547","0","0"
"10548","0","0"
"10549","0","0"
"10550","0","0"
"10551","0","4"
"10552","0","0"
"10553","0","0"
"10554","0","0"
"10555","0","0"
"10556","0","0"
"10557","0","0"
"10558","108","109"
"10559","0","1"
"10560","103","104"
"10561","214","216"
"10562","21","23"
"10563","0","0"
"10564","0","0"
"10565","50","53"
"10566","0","0"
"10567","0","0"
"10568","0","0"
"10569","110","111"
"10570","110","110"
"10571","244","244"
"10572","344","345"
"10573","0","0"
"10574","0","0"
"10575","0","0"
"10576","0","0"
"10577","0","0"
"10578","0","0"
"10579","77","78"
"10580","0","0"
"10581","0","0"
"10582","0","0"
"10583","0","0"
"10584","113","116"
"10585","130","131"
"10586","320","322"
"10587","0","0"
"10588","605","612"
"10589","251","252"
"10590","0","0"
"10591","0","0"
"10592","509","517"
"10593","535","536"
"10594","0","0"
"10595","555","559"
"10596","13","14"
"10597","0","0"
"10598","0","0"
"10599","435","441"
"10600","2","2"
"10601","16","15"
"10602","6","6"
"10603","33","29"
"10604","123","113"
"10605","0","0"
"10606","70","81"
"10607","0","0"
"10608","29","25"
"10609","55","70"
"10610","72","83"
"10611","105","106"
"10612","0","0"
"10613","0","0"
"10614","23","19"
"10615","30","24"
"10616","0","0"
"10617","0","0"
"10618","0","0"
"10619","77664","83542"
"10621","0","0"
"10622","0","0"
"10623","144454","154603"
"10625","0","0"
"10626","25406","27451"
"10629","11340","11665"
"10630","92495","98988"
"11105","0","0"
"11106","0","0"
"11107","0","0"
"11108","0","0"
"11109","0","0"
"11110","0","0"
"11111","0","0"
"11112","0","0"
"11113","0","0"
"11114","0","0"
"11115","0","0"
"11116","0","0"
"11117","0","0"
"11118","0","0"
"11119","0","0"
"11120","0","0"
"11121","348","353"
"11122","323","329"
"11123","0","0"
"11124","0","0"
"11125","188","194"
"11126","0","6"
"11127","0","0"
"11128","0","0"
"11129","0","0"
"11130","0","0"
"11131","0","0"
"11132","0","0"
"11133","180","186"
"11134","387","393"
"11135","0","0"
"11136","0","0"
"11137","7","16"
"11138","7","16"
"11139","0","0"
"11140","0","0"
"11141","0","0"
"11142","0","0"
"11143","0","0"
"11144","0","0"
"11145","0","0"
"11146","0","0"
"11147","0","0"
"11148","0","0"
"11149","0","0"
"11150","0","0"
"11151","0","0"
"11152","0","0"
"11153","0","0"
"11154","0","0"
"11155","0","0"
"11156","96","101"
"11157","0","0"
"11158","0","0"
"11159","0","0"
"11160","7","19"
"11161","0","0"
"11162","0","0"
"11163","0","0"
"11164","0","0"
"11165","0","0"
"11166","0","0"
"11167","0","3"
"11168","0","0"
"11169","0","0"
"11170","0","0"
"11171","106","116"
"11172","85","100"
"11173","0","0"
"11174","161","173"
"11175","0","0"
"11176","0","0"
"11177","0","0"
"11178","0","4"
"11179","0","0"
"11180","0","0"
"11181","0","0"
"11182","15","32"
"11183","0","0"
"11184","50","55"
"11185","21","20"
"11186","4","5"
"11187","33","24"
"11188","0","0"
"11189","363","396"
"11190","485","546"
"11191","341","394"
"11192","0","0"
"11193","0","0"
"11194","235","287"
"11195","502","621"
"11196","0","0"
"11197","28","29"
"11198","121","119"
"11199","0","0"
"11200","2467","2736"
"11201","21722","23602"
"11205","41295","44323"
"11209","46511","50095"
"11213","89760","95653"
"11689","0","0"
"11690","0","0"
"11691","0","0"
"11692","0","0"
"11693","0","0"
"11694","0","0"
"11695","0","0"
"11696","0","0"
"11697","0","0"
"11698","0","0"
"11699","0","0"
"11700","0","0"
"11701","0","0"
"11702","0","0"
"11703","0","0"
"11704","0","0"
"11705","0","0"
"11706","606","613"
"11707","0","0"
"11708","0","0"
"11709","0","0"
"11710","0","0"
"11711","0","2"
"11712","0","0"
"11713","0","0"
"11714","0","0"
"11715","0","0"
"11716","0","0"
"11717","0","0"
"11718","0","0"
"11719","78","87"
"11720","0","0"
"11721","0","0"
"11722","0","0"
"11723","0","0"
"11724","0","0"
"11725","0","0"
"11726","0","0"
"11727","0","0"
"11728","0","0"
"11729","0","0"
"11730","0","0"
"11731","0","0"
"11732","0","0"
"11733","0","0"
"11734","0","0"
"11735","0","0"
"11736","0","0"
"11737","0","0"
"11738","0","0"
"11739","0","0"
"11740","0","0"
"11741","0","0"
"11742","0","0"
"11743","0","0"
"11744","0","0"
"11745","0","0"
"11746","0","0"
"11747","0","0"
"11748","419","455"
"11749","0","0"
"11750","0","1"
"11751","56","67"
"11752","0","0"
"11753","34","52"
"11754","0","0"
"11755","58","67"
"11756","64","68"
"11757","76","92"
"11758","135","159"
"11759","233","274"
"11760","325","389"
"11761","402","456"
"11762","895","971"
"11763","1272","1380"
"11764","1417","1550"
"11765","132","141"
"11766","0","0"
"11767","37","26"
"11768","0","0"
"11769","241","287"
"11770","133","130"
"11771","0","0"
"11772","12496","13506"
"11773","289","319"
"11774","0","0"
"11775","2919","3111"
"11776","41881","44295"
"11777","403","435"
"11778","0","0"
"11779","22623","23810"
"11781","0","0"
"11782","0","0"
"11783","67419","70725"
"12276","0","0"
"12277","0","0"
"12278","0","0"
"12279","0","0"
"12280","0","0"
"12281","0","0"
"12282","0","0"
"12283","0","0"
"12284","0","0"
"12285","0","0"
"12286","0","0"
"12287","0","0"
"12288","0","0"
"12289","0","0"
"12290","0","0"
"12291","0","0"
"12292","0","0"
"12293","0","0"
"12294","339","346"
"12295","0","0"
"12296","0","0"
"12297","0","0"
"12298","292","298"
"12299","567","575"
"12300","0","0"
"12301","0","0"
"12302","0","0"
"12303","116","123"
"12304","0","0"
"12305","0","0"
"12306","0","0"
"12307","915","922"
"12308","0","0"
"12309","0","0"
"12310","0","0"
"12311","0","0"
"12312","0","0"
"12313","0","0"
"12314","0","0"
"12315","45","55"
"12316","0","0"
"12317","0","0"
"12318","0","0"
"12319","0","3"
"12320","0","0"
"12321","0","0"
"12322","0","0"
"12323","25","29"
"12324","0","0"
"12325","0","0"
"12326","176","183"
"12327","112","131"
"12328","4","11"
"12329","1053","1075"
"12330","0","0"
"12331","466","568"
"12332","139","162"
"12333","440","493"
"12334","2147","2546"
"12335","6019","7193"
"12336","49","57"
"12337","521","568"
"12338","446","485"
"12339","604","649"
"12340","419","475"
"12341","1419","1502"
"12342","0","0"
"12343","0","0"
"12344","147","169"
"12345","68","55"
"12346","0","0"
"12347","29223","29371"
"12348","654","742"
"12349","250","300"
"12350","0","0"
"12351","0","0"
"12352","121969","145109"
"12353","6826","7899"
"12354","0","0"
"12355","0","0"
"12356","0","0"
"12357","0","0"
"12358","236781","250166"
"12360","19008","19213"
"12361","243586","253108"
"12364","1776","689"
"12368","424576","437299"
"12890","0","0"
"12891","0","0"
"12892","0","0"
"12893","0","0"
"12894","0","0"
"12895","0","0"
"12896","0","0"
"12897","0","0"
"12898","0","0"
"12899","0","0"
"12900","0","0"
"12901","0","0"
"12902","0","0"
"12903","0","0"
"12904","0","0"
"12905","0","0"
"12906","0","0"
"12907","0","0"
"12908","0","0"
"12909","103","110"
"12910","0","0"
"12911","0","0"
"12912","0","0"
"12913","0","0"
"12914","0","0"
"12915","0","0"
"12916","0","0"
"12917","0","0"
"12918","0","0"
"12919","0","0"
"12920","0","0"
"12921","0","0"
"12922","0","0"
"12923","0","0"
"12924","0","0"
"12925","699","713"
"12926","561","570"
"12927","46","58"
"12928","562","575"
"12929","198","211"
"12930","812","823"
"12931","469","482"
"12932","0","0"
"12933","0","0"
"12934","42","49"
"12935","1459","1476"
"12936","1081","1103"
"12937","17","9"
"12938","618","634"
"12939","92","110"
"12940","415","444"
"12941","903","939"
"12942","159","171"
"12943","887","960"
"12944","0","0"
"12945","2716","3013"
"12946","10388","12216"
"12947","45247","51203"
"12948","5926","6666"
"12949","0","0"
"12950","957","1052"
"12951","0","0"
"12952","231","250"
"12953","0","0"
"12954","0","0"
"12955","0","0"
"12956","0","0"
"12957","225620","232291"
"12958","0","0"
"12959","262","270"
"12960","153077","155874"
"12962","11855","11941"
"12963","0","0"
"12964","259945","267137"
"12966","0","0"
"12967","71973","74103"
"13504","0","0"
"13505","0","0"
"13506","0","0"
"13507","0","0"
"13508","0","0"
"13509","0","0"
"13510","0","0"
"13511","0","0"
"13512","0","0"
"13513","0","0"
"13514","0","0"
"13515","0","0"
"13516","0","0"
"13517","0","0"
"13518","0","0"
"13519","0","0"
"13520","0","0"
"13521","0","0"
"13522","0","0"
"13523","0","0"
"13524","0","0"
"13525","0","0"
"13526","0","0"
"13527","0","0"
"13528","0","0"
"13529","0","0"
"13530","0","0"
"13531","0","0"
"13532","0","0"
"13533","0","0"
"13534","0","0"
"13535","0","0"
"13536","0","0"
"13537","54","50"
"13538","132","143"
"13539","0","0"
"13540","92","93"
"13541","15","8"
"13542","1332","1370"
"13543","995","1045"
"13544","0","0"
"13545","602","631"
"13546","1509","1554"
"13547","1796","1857"
"13548","972","992"
"13549","332","365"
"13550","1100","1151"
"13551","3047","3115"
"13552","114","90"
"13553","1191","1258"
"13554","1556","1637"
"13555","0","0"
"13556","988","1056"
"13557","0","0"
"13558","838","937"
"13559","40097","40395"
"13560","0","0"
"13561","0","0"
"13562","0","0"
"13563","167081","167834"
"13564","503","581"
"13565","5723","5832"
"13566","107707","107414"
"13568","44759","45082"
"13569","287389","293182"
"14103","0","0"
"14104","0","0"
"14105","0","0"
"14106","0","0"
"14107","0","0"
"14108","0","0"
"14109","0","0"
"14110","0","0"
"14111","0","0"
"14112","0","0"
"14113","0","0"
"14114","0","0"
"14115","0","0"
"14116","0","0"
"14117","0","0"
"14118","0","0"
"14119","0","0"
"14120","0","0"
"14121","0","0"
"14122","0","0"
"14123","0","0"
"14124","0","0"
"14125","0","0"
"14126","12","5"
"14127","0","0"
"14128","0","0"
"14129","0","0"
"14130","20","11"
"14131","0","0"
"14132","0","0"
"14133","0","0"
"14134","13","8"
"14135","1713","1737"
"14136","67","47"
"14137","1323","1380"
"14138","3322","3398"
"14139","1912","1936"
"14140","0","0"
"14141","2410","2469"
"14142","0","0"
"14143","0","0"
"14144","3122","3159"
"14145","0","0"
"14146","0","0"
"14147","456","446"
"14148","716","797"
"14149","2511","2568"
"14150","0","0"
"14151","4191","4287"
"14152","31570","31380"
"14155","0","0"
"14156","50502","50291"
"14159","0","0"
"14160","154491","153299"
"14163","30773","30341"
"14703","0","0"
"14704","0","0"
"14705","0","0"
"14706","0","0"
"14707","0","0"
"14708","0","0"
"14709","0","0"
"14710","0","0"
"14711","0","0"
"14712","0","0"
"14713","0","0"
"14714","0","0"
"14715","0","0"
"14716","0","0"
"14717","0","0"
"14718","4","3"
"14719","280","203"
"14720","2329","2662"
"14721","494","543"
"14722","2520","2601"
"14723","110","76"
"14724","642","623"
"14725","8507","9183"
"14726","0","0"
"14727","1","2"
"14728","1261","1205"
"14729","3573","4028"
"14730","1048","1108"
"14731","0","0"
"14732","109","113"
"14733","4868","4827"
"14734","0","0"
"14735","28015","27500"
"14739","35163","34647"
"14743","0","0"
"14744","54371","53931"
"14747","3003","3094"
"14748","14819","14898"
"15288","0","0"
"15289","33","35"
"15290","4252","4727"
"15291","2249","2361"
"15292","0","0"
"15293","0","0"
"15294","1514","1544"
"15295","16400","17803"
"15296","8","3"
"15297","0","0"
"15298","1295","1343"
"15299","6912","7272"
"15300","10","4"
"15301","64","65"
"15302","621","631"
"15303","5007","3666"
"15304","895","970"
"15305","152","59"
"15306","83532","84254"
"15308","760","815"
"15309","520","433"
"15310","55859","56939"
"15312","2627","2672"
"15313","921","998"
"15314","74190","75360"
"15316","0","0"
"15317","7105","7163"
"15318","60485","61630"
"15860","34","23"
"15861","69","68"
"15862","269","269"
"15863","13137","13618"
"15864","23","16"
"15865","63","62"
"15866","876","796"
"15867","11320","11022"
"15868","58","35"
"15869","149","143"
"15870","0","0"
"15871","649","649"
"15872","129","91"
"15873","248","232"
"15874","443","436"
"15875","1507","1485"
"15876","0","0"
"15877","4220","4264"
"15878","76346","77422"
"15880","0","0"
"15881","0","0"
"15882","79672","80502"
"15884","0","0"
"15885","0","0"
"15886","0","0"
"15887","274740","278443"
"15888","2265","2242"
"15889","0","0"
"15890","20974","20956"
"15891","83386","85489"
"16459","86","59"
"16460","229","222"
"16461","693","673"
"16462","1594","1545"
"16463","91","63"
"16464","155","148"
"16465","2025","1892"
"16466","9274","8801"
"16467","88","62"
"16468","162","153"
"16469","0","0"
"16470","6386","5848"
"16471","301","269"
"16472","387","361"
"16473","975","752"
"16474","15302","13585"
"16475","0","0"
"16476","0","0"
"16477","6987","6899"
"16478","175736","177460"
"16479","0","0"
"16480","1197","1120"
"16481","6334","6189"
"16482","176720","178104"
"16483","0","0"
"16484","5025","4917"
"16485","7502","7289"
"16486","172873","173831"
"16487","3360","3277"
"16488","0","0"
"16489","13342","13120"
"16490","321006","322218"
"17073","156","129"
"17074","655","497"
"17075","1220","939"
"17076","13054","11514"
"17077","542","451"
"17078","538","430"
"17079","6466","5579"
"17080","0","0"
"17081","118","59"
"17082","2448","1704"
"17083","1439","1290"
"17084","3683","3554"
"17085","0","0"
"17086","12612","10816"
"17087","0","0"
"17088","48","0"
"17089","0","0"
"17090","0","0"
"17091","56132","55944"
"17093","5952","5790"
"17094","0","0"
"17095","135774","135817"
"17097","0","0"
"17098","0","0"
"17099","217742","217244"
"17101","60","0"
"17102","86989","85661"
"17701","212","187"
"17702","166","142"
"17703","533","407"
"17704","88","13"
"17705","203","164"
"17706","593","430"
"17707","93","16"
"17708","6973","5735"
"17709","455","378"
"17710","179","69"
"17711","9529","8093"
"17712","35","0"
"17713","936","744"
"17714","11423","9668"
"17715","314","258"
"17716","1515","1408"
"17717","7457","6167"
"17718","0","0"
"17719","2114","1972"
"17720","0","0"
"17721","442","382"
"17722","1600","1482"
"17723","1822","1633"
"17724","604","331"
"17725","1443","1335"
"17726","1482","1317"
"17727","1591","1359"
"17728","803","522"
"17729","1896","1727"
"17730","1756","1526"
"17731","2073","1786"
"17732","724","381"
"17733","23299","22593"
"17737","2084","1790"
"17738","88725","87633"
"17741","0","0"
"17742","153483","152678"
"17745","76728","75579"
"18329","236","174"
"18330","633","586"
"18331","780","661"
"18332","1580","1332"
"18333","880","673"
"18334","2798","2583"
"18335","0","0"
"18336","1636","869"
"18337","330","267"
"18338","956","413"
"18339","866","553"
"18340","6643","6014"
"18341","2822","2665"
"18342","0","0"
"18343","11725","10680"
"18344","393","351"
"18345","4608","3964"
"18346","173","119"
"18347","1359","1262"
"18348","1580","1425"
"18349","254","205"
"18350","1193","1107"
"18351","1802","1656"
"18352","2212","2002"
"18353","809","741"
"18354","1357","1241"
"18355","2115","1927"
"18356","2183","1925"
"18357","1493","1402"
"18358","1816","1666"
"18359","2628","2381"
"18360","1258","925"
"18361","2189","1958"
"18362","1570","1280"
"18363","2188","1854"
"18364","17724","17058"
"18365","2294","2005"
"18366","926","542"
"18367","3585","3198"
"18368","93738","92116"
"18369","687","266"
"18370","8","0"
"18371","89077","86485"
"18373","1194","720"
"18374","85569","82251"
"18973","805","761"
"18974","3732","3322"
"18975","352","328"
"18976","953","896"
"18977","0","0"
"18978","8259","7711"
"18979","772","739"
"18980","1293","1222"
"18981","3912","3696"
"18982","4244","4098"
"18983","951","913"
"18984","1497","1418"
"18985","11319","11060"
"18986","639","622"
"18987","1376","1332"
"18988","1954","1866"
"18989","1616","1505"
"18990","2074","1896"
"18991","2237","1958"
"18992","0","0"
"18993","2162","2026"
"18994","2399","2183"
"18995","2334","1993"
"18996","31432","29802"
"18997","2513","2362"
"18998","1595","1364"
"18999","5283","4940"
"19000","78220","73892"
"19001","2548","2373"
"19002","4217","3941"
"19003","54334","51591"
"19005","93289","89071"
"19474","166","174"
"19475","130","137"
"19476","366","372"
"19478","0","0"
"19479","169","175"
"19480","184","189"
"19489","39","43"
"19490","443","498"
"19491","72","75"
"19492","302","307"
"19493","57","59"
"19494","985","1012"
"19495","850","885"
"19496","2100","2188"
"19505","176","184"
"19506","130","141"
"19507","190","202"
"19508","313","326"
"19509","218","224"
"19510","266","275"
"19511","359","369"
"19512","217","229"
"19521","505","519"
"19522","183","199"
"19523","248","265"
"19524","569","587"
"19525","281","293"
"19526","514","528"
"19527","65","60"
"19528","1852","1867"
"19537","16","10"
"19538","502","523"
"19539","586","608"
"19540","1006","1029"
"19541","109","113"
"19542","248","268"
"19543","745","766"
"19544","957","977"
"19553","0","0"
"19554","31","22"
"19555","25","16"
"19556","40","29"
"19557","0","0"
"19558","39","29"
"19559","43","32"
"19560","56","44"
"19577","592","620"
"19578","2273","2340"
"19579","865","870"
"19580","0","0"
"19581","720","757"
"19582","2424","2523"
"19583","5298","5386"
"19584","3078","3081"
"19585","943","1000"
"19586","922","964"
"19587","2876","2934"
"19588","644","649"
"19589","1175","1248"
"19590","13004","13446"
"19591","678","689"
"19592","1114","1127"
"19593","572","566"
"19594","955","937"
"19595","1620","1575"
"19596","1846","1755"
"19597","867","863"
"19598","1250","1234"
"19599","1805","1763"
"19600","2745","2659"
"19601","1109","1111"
"19602","1381","1373"
"19603","2151","2121"
"19604","3502","3431"
"19605","1502","1515"
"19606","1758","1763"
"19607","2846","2836"
"19608","20542","20828"
"19609","3978","3792"
"19610","30097","28992"
"19613","14000","13614"
"19617","29628","29421"
"20087","827","833"
"20088","5","1"
"20101","6717","6512"
"20102","2330","2156"
"20103","380","417"
"20104","73","76"
"20107","4472","4096"
"20108","86","89"
"20112","7003","6567"
"20117","167","172"
"20118","214","221"
"20119","172","182"
"20120","264","275"
"20121","0","0"
"20122","4905","5026"
"20123","362","370"
"20124","315","325"
"20125","151","140"
"20126","176","177"
"20127","388","395"
"20128","376","385"
"20130","8722","8210"
"20131","463","473"
"20132","764","840"
"20133","194","206"
"20134","376","388"
"20135","389","404"
"20136","209","225"
"20137","329","339"
"20138","480","490"
"20139","48","40"
"20140","34","25"
"20141","344","351"
"20142","486","489"
"20143","99","90"
"20144","471","482"
"20145","1331","1419"
"20146","2759","2427"
"20147","1153","1147"
"20148","485","489"
"20149","405","423"
"20150","530","549"
"20151","826","845"
"20152","820","838"
"20153","1081","1097"
"20154","215","234"
"20155","1237","1255"
"20156","0","0"
"20157","320","334"
"20158","466","483"
"20159","648","666"
"20160","14","9"
"20161","400","412"
"20162","580","597"
"20163","536","555"
"20164","297","317"
"20165","54","46"
"20166","47","36"
"20167","43","33"
"20168","54","42"
"20169","146","88"
"20170","315","247"
"20171","47","35"
"20172","56","44"
"20173","13","8"
"20174","612","519"
"20175","55","43"
"20176","47","35"
"20177","152","172"
"20178","41","34"
"20179","234","258"
"20180","342","371"
"20181","58","45"
"20182","65","51"
"20183","71","57"
"20184","0","0"
"20185","48","35"
"20186","64","51"
"20187","0","0"
"20188","511","536"
"20189","0","0"
"20190","0","0"
"20191","993","1019"
"20192","697","723"
"20193","878","906"
"20194","1688","1717"
"20195","0","0"
"20196","364","391"
"20197","7","4"
"20198","40","30"
"20199","57","46"
"20200","134","118"
"20201","199","222"
"20202","17","9"
"20203","150","128"
"20204","0","0"
"20205","434","458"
"20206","18","10"
"20207","220","197"
"20208","163","155"
"20209","0","0"
"20210","94","88"
"20211","248","232"
"20212","241","242"
"20217","619","633"
"20218","3764","4125"
"20219","618","651"
"20220","4077","4415"
"20221","976","1063"
"20222","0","0"
"20223","4466","4877"
"20224","9380","10153"
"20225","1172","1304"
"20226","1664","1815"
"20227","6075","6606"
"20228","7432","7921"
"20229","5090","5696"
"20230","4914","5474"
"20231","11209","12440"
"20232","0","0"
"20233","3548","3706"
"20234","268","284"
"20235","1200","1222"
"20236","1314","1340"
"20237","79","51"
"20238","1430","1458"
"20239","1502","1540"
"20240","930","977"
"20241","804","835"
"20242","1085","1128"
"20243","178","101"
"20244","2168","2243"
"20245","0","0"
"20246","0","0"
"20247","21300","21891"
"20248","66992","69487"
"20249","1438","1468"
"20250","2587","2615"
"20251","17698","18129"
"20253","3263","3323"
"20254","24296","25006"
"20257","34922","36099"
"20791","5029","4317"
"20792","583","577"
"20796","2070","1808"
"20799","593","573"
"20800","541","551"
"20803","18179","19540"
"20804","0","0"
"20805","478","489"
"20806","557","574"
"20807","527","547"
"20808","287","310"
"20809","537","548"
"20810","515","535"
"20811","583","605"
"20812","388","413"
"20813","606","630"
"20814","584","614"
"20815","591","621"
"20816","484","516"
"20817","549","592"
"20818","615","659"
"20819","784","827"
"20820","677","721"
"20821","799","824"
"20822","746","773"
"20823","757","788"
"20824","725","757"
"20825","582","611"
"20826","827","860"
"20827","1285","1321"
"20828","939","976"
"20829","545","582"
"20830","790","832"
"20831","909","954"
"20832","1298","1343"
"20833","604","654"
"20834","768","821"
"20835","855","912"
"20836","1532","1590"
"20837","1312","1343"
"20838","1013","1043"
"20839","0","0"
"20840","468","498"
"20841","617","652"
"20842","1099","1131"
"20843","0","0"
"20844","17","11"
"20845","593","637"
"20846","2101","2141"
"20847","0","0"
"20848","0","0"
"20849","498","555"
"20850","612","669"
"20851","4608","4669"
"20852","2724","2786"
"20853","0","0"
"20854","198","200"
"20855","186","183"
"20856","1637","1714"
"20857","135","132"
"20858","345","364"
"20859","1969","2081"
"20860","254","286"
"20861","149","135"
"20862","531","584"
"20863","3199","3557"
"20864","2539","2863"
"20865","0","0"
"20866","215","212"
"20867","1342","1527"
"20868","971","1107"
"20869","1942","2159"
"20870","535","604"
"20871","970","1079"
"20872","6229","6959"
"20873","0","0"
"20874","605","684"
"20875","1041","1166"
"20876","1227","1373"
"20877","267","297"
"20878","3710","4205"
"20879","4634","5190"
"20880","16784","18704"
"20881","4921","5579"
"20882","1375","1559"
"20883","17925","20044"
"20884","10262","11462"
"20885","0","0"
"20886","6955","7599"
"20887","12152","12543"
"20888","43455","46048"
"20889","13567","15340"
"20890","3808","4030"
"20891","146449","157564"
"20892","0","0"
"20893","10815","11963"
"20894","31401","34556"
"20895","0","0"
"20896","148591","153477"
"20897","0","0"
"20898","0","0"
"20899","141368","146035"
"20901","0","0"
"20902","58897","60704"
"20905","117619","121073"
"21458","1367","1539"
"21459","1351","1436"
"21460","693","754"
"21461","411","472"
"21464","10970","12438"
"21465","9039","10596"
"21474","502","565"
"21475","0","0"
"21476","652","719"
"21477","10518","10808"
"21478","15736","17941"
"21479","22173","24566"
"21480","44386","47058"
"21490","14399","14680"
"21491","13697","13882"
"21492","17802","17919"
"21493","20271","20279"
"21506","0","0"
"21507","0","0"
"21508","3753","4261"
"21509","3041","3457"
"21510","75949","76291"
"21511","58934","59168"
"21512","0","0"
"21513","1969","2166"
"21517","143016","143682"
"21522","18194","20605"
"21523","0","0"
"21524","12204","13592"
"21525","0","0"
"21526","12717","14113"
"21527","20681","22605"
"21528","35425","35662"
"21529","139356","141022"
"21530","74001","74532"
"21531","138355","139196"
"21538","65734","66538"
"21539","140080","144267"
