Date,Depth
Units:,m
2022-01-01 04:00:00,3.5777
2022-01-01 08:00:00,3.8154
2022-01-01 12:00:00,4.0542
2022-01-01 16:00:00,4.3717
2022-01-01 20:00:00,4.5750
2022-01-02 00:00:00,4.3165
2022-01-02 04:00:00,3.8286
2022-01-02 08:00:00,3.6852
2022-01-02 12:00:00,4.0269
2022-01-02 16:00:00,4.3550
2022-01-02 20:00:00,4.5891
2022-01-03 00:00:00,4.4377
2022-01-03 04:00:00,3.9304
2022-01-03 08:00:00,3.7206
2022-01-03 12:00:00,4.0299
2022-01-03 16:00:00,4.3409
2022-01-03 20:00:00,4.5998
2022-01-04 00:00:00,4.5129
2022-01-04 04:00:00,4.0220
2022-01-04 08:00:00,3.7555
2022-01-04 12:00:00,3.9978
2022-01-04 16:00:00,4.2840
2022-01-04 20:00:00,4.5343
2022-01-05 00:00:00,4.5236
2022-01-05 04:00:00,4.1179
2022-01-05 08:00:00,3.8354
2022-01-05 12:00:00,3.9975
2022-01-05 16:00:00,4.2477
2022-01-05 20:00:00,4.4953
2022-01-06 00:00:00,4.5487
2022-01-06 04:00:00,4.2458
2022-01-06 08:00:00,3.9894
2022-01-06 12:00:00,4.0375
2022-01-06 16:00:00,4.2360
2022-01-06 20:00:00,4.4140
2022-01-07 00:00:00,4.4284
2022-01-07 04:00:00,4.2015
2022-01-07 08:00:00,4.0161
2022-01-07 12:00:00,4.0593
2022-01-07 16:00:00,4.2230
2022-01-07 20:00:00,4.3653
2022-01-08 00:00:00,4.3806
2022-01-08 04:00:00,4.2502
2022-01-08 08:00:00,4.1440
2022-01-08 12:00:00,4.1971
2022-01-08 16:00:00,4.2837
2022-01-08 20:00:00,4.2728
2022-01-09 00:00:00,4.2048
2022-01-09 04:00:00,4.0829
2022-01-09 08:00:00,4.0396
2022-01-09 12:00:00,4.1473
2022-01-09 16:00:00,4.2520
2022-01-09 20:00:00,4.2662
2022-01-10 00:00:00,4.1423
2022-01-10 04:00:00,4.0209
2022-01-10 08:00:00,3.9996
2022-01-10 12:00:00,4.1827
2022-01-10 16:00:00,4.3036
2022-01-10 20:00:00,4.2764
2022-01-11 00:00:00,4.1161
2022-01-11 04:00:00,3.9612
2022-01-11 08:00:00,3.9904
2022-01-11 12:00:00,4.2515
2022-01-11 16:00:00,4.3780
2022-01-11 20:00:00,4.3600
2022-01-12 00:00:00,4.1566
2022-01-12 04:00:00,4.0222
2022-01-12 08:00:00,4.0594
2022-01-12 12:00:00,4.3174
2022-01-12 16:00:00,4.4602
2022-01-12 20:00:00,4.4504
2022-01-13 00:00:00,4.1962
2022-01-13 04:00:00,3.9869
2022-01-13 08:00:00,3.9646
2022-01-13 12:00:00,4.2186
2022-01-13 16:00:00,4.4301
2022-01-13 20:00:00,4.4851
2022-01-14 00:00:00,4.1893
2022-01-14 04:00:00,3.9271
2022-01-14 08:00:00,3.8814
2022-01-14 12:00:00,4.1270
2022-01-14 16:00:00,4.3923
2022-01-14 20:00:00,4.4919
2022-01-15 00:00:00,4.1853
2022-01-15 04:00:00,3.8795
2022-01-15 08:00:00,3.8179
2022-01-15 12:00:00,4.0910
2022-01-15 16:00:00,4.3515
2022-01-15 20:00:00,4.4672
2022-01-16 00:00:00,4.1871
2022-01-16 04:00:00,3.8177
2022-01-16 08:00:00,3.7520
2022-01-16 12:00:00,4.0147
2022-01-16 16:00:00,4.3011
2022-01-16 20:00:00,4.4565
2022-01-17 00:00:00,4.1919
2022-01-17 04:00:00,3.8016
2022-01-17 08:00:00,3.7065
2022-01-17 12:00:00,4.0081
2022-01-17 16:00:00,4.2732
2022-01-17 20:00:00,4.4425
2022-01-18 00:00:00,4.2736
2022-01-18 04:00:00,3.8511
2022-01-18 08:00:00,3.7297
2022-01-18 12:00:00,4.0288
2022-01-18 16:00:00,4.2821
2022-01-18 20:00:00,4.4601
2022-01-19 00:00:00,4.3418
2022-01-19 04:00:00,3.9377
2022-01-19 08:00:00,3.8134
2022-01-19 12:00:00,4.0986
2022-01-19 16:00:00,4.2943
2022-01-19 20:00:00,4.4534
2022-01-20 00:00:00,4.4065
2022-01-20 04:00:00,4.0666
2022-01-20 08:00:00,3.9241
2022-01-20 12:00:00,4.1252
2022-01-20 16:00:00,4.2816
2022-01-20 20:00:00,4.4133
2022-01-21 00:00:00,4.4519
2022-01-21 04:00:00,4.1488
2022-01-21 08:00:00,3.9832
2022-01-21 12:00:00,4.1387
2022-01-21 16:00:00,4.2612
2022-01-21 20:00:00,4.3662
2022-01-22 00:00:00,4.4192
2022-01-22 04:00:00,4.2078
2022-01-22 08:00:00,4.0739
2022-01-22 12:00:00,4.2010
2022-01-22 16:00:00,4.2782
2022-01-22 20:00:00,4.3290
2022-01-23 00:00:00,4.3773
2022-01-23 04:00:00,4.2455
2022-01-23 08:00:00,4.1632
2022-01-23 12:00:00,4.2776
2022-01-23 16:00:00,4.3199
2022-01-23 20:00:00,4.2870
2022-01-24 00:00:00,4.2360
2022-01-24 04:00:00,4.1290
2022-01-24 08:00:00,4.0448
2022-01-24 12:00:00,4.1706
2022-01-24 16:00:00,4.2718
2022-01-24 20:00:00,4.2247
2022-01-25 00:00:00,4.0687
2022-01-25 04:00:00,4.0194
2022-01-25 08:00:00,4.0254
2022-01-25 12:00:00,4.2151
2022-01-25 16:00:00,4.3385
2022-01-25 20:00:00,4.2703
2022-01-26 00:00:00,4.0386
2022-01-26 04:00:00,3.9695
2022-01-26 08:00:00,4.0365
2022-01-26 12:00:00,4.2927
2022-01-26 16:00:00,4.4400
2022-01-26 20:00:00,4.3697
2022-01-27 00:00:00,4.0334
2022-01-27 04:00:00,3.9237
2022-01-27 08:00:00,4.0169
2022-01-27 12:00:00,4.3203
2022-01-27 16:00:00,4.4879
2022-01-27 20:00:00,4.4390
2022-01-28 00:00:00,4.0251
2022-01-28 04:00:00,3.8289
2022-01-28 08:00:00,3.9344
2022-01-28 12:00:00,4.2919
2022-01-28 16:00:00,4.5173
2022-01-28 20:00:00,4.5334
2022-01-29 00:00:00,4.1315
2022-01-29 04:00:00,3.8673
2022-01-29 08:00:00,3.9405
2022-01-29 12:00:00,4.3306
2022-01-29 16:00:00,4.5673
2022-01-29 20:00:00,4.6664
2022-01-30 00:00:00,4.3061
2022-01-30 04:00:00,3.9421
2022-01-30 08:00:00,3.9172
2022-01-30 12:00:00,4.2736
2022-01-30 16:00:00,4.5388
2022-01-30 20:00:00,4.7031
2022-01-31 00:00:00,4.4063
2022-01-31 04:00:00,3.9252
2022-01-31 08:00:00,3.7999
2022-01-31 12:00:00,4.1218
2022-01-31 16:00:00,4.3877
2022-01-31 20:00:00,4.5582
2022-02-01 00:00:00,4.3811
2022-02-01 04:00:00,3.9023
2022-02-01 08:00:00,3.7285
2022-02-01 12:00:00,4.0157
2022-02-01 16:00:00,4.2929
2022-02-01 20:00:00,4.5109
2022-02-02 00:00:00,4.4135
2022-02-02 04:00:00,3.9766
2022-02-02 08:00:00,3.7657
2022-02-02 12:00:00,4.0443
2022-02-02 16:00:00,4.2654
2022-02-02 20:00:00,4.4623
2022-02-03 00:00:00,4.4559
2022-02-03 04:00:00,4.0990
2022-02-03 08:00:00,3.9300
2022-02-03 12:00:00,4.1566
2022-02-03 16:00:00,4.3240
2022-02-03 20:00:00,4.4559
2022-02-04 00:00:00,4.4582
2022-02-04 04:00:00,4.2101
2022-02-04 08:00:00,4.1019
2022-02-04 12:00:00,4.2514
2022-02-04 16:00:00,4.3135
2022-02-04 20:00:00,4.3565
2022-02-05 00:00:00,4.3496
2022-02-05 04:00:00,4.2012
2022-02-05 08:00:00,4.1364
2022-02-05 12:00:00,4.2708
2022-02-05 16:00:00,4.3087
2022-02-05 20:00:00,4.3364
2022-02-06 00:00:00,4.3140
2022-02-06 04:00:00,4.2223
2022-02-06 08:00:00,4.2189
2022-02-06 12:00:00,4.3834
2022-02-06 16:00:00,4.4135
2022-02-06 20:00:00,4.4016
2022-02-07 00:00:00,4.2617
2022-02-07 04:00:00,4.1319
2022-02-07 08:00:00,4.1647
2022-02-07 12:00:00,4.3276
2022-02-07 16:00:00,4.3406
2022-02-07 20:00:00,4.2871
2022-02-08 00:00:00,4.1362
2022-02-08 04:00:00,4.0169
2022-02-08 08:00:00,4.0661
2022-02-08 12:00:00,4.3170
2022-02-08 16:00:00,4.3691
2022-02-08 20:00:00,4.2922
2022-02-09 00:00:00,4.0908
2022-02-09 04:00:00,3.9395
2022-02-09 08:00:00,3.9954
2022-02-09 12:00:00,4.2890
2022-02-09 16:00:00,4.3834
2022-02-09 20:00:00,4.3132
2022-02-10 00:00:00,4.0695
2022-02-10 04:00:00,3.9260
2022-02-10 08:00:00,3.9823
2022-02-10 12:00:00,4.3284
2022-02-10 16:00:00,4.4751
2022-02-10 20:00:00,4.4249
2022-02-11 00:00:00,4.1384
2022-02-11 04:00:00,3.9790
2022-02-11 08:00:00,4.0149
2022-02-11 12:00:00,4.3466
2022-02-11 16:00:00,4.5305
2022-02-11 20:00:00,4.5181
2022-02-12 00:00:00,4.1911
2022-02-12 04:00:00,3.9850
2022-02-12 08:00:00,4.0112
2022-02-12 12:00:00,4.3172
2022-02-12 16:00:00,4.5012
2022-02-12 20:00:00,4.5327
2022-02-13 00:00:00,4.1918
2022-02-13 04:00:00,3.9630
2022-02-13 08:00:00,3.9882
2022-02-13 12:00:00,4.2984
2022-02-13 16:00:00,4.5061
2022-02-13 20:00:00,4.5830
2022-02-14 00:00:00,4.2903
2022-02-14 04:00:00,4.0274
2022-02-14 08:00:00,4.0309
2022-02-14 12:00:00,4.3315
2022-02-14 16:00:00,4.5198
2022-02-14 20:00:00,4.6215
2022-02-15 00:00:00,4.3965
2022-02-15 04:00:00,4.0867
2022-02-15 08:00:00,4.0654
2022-02-15 12:00:00,4.3242
2022-02-15 16:00:00,4.4888
2022-02-15 20:00:00,4.6265
2022-02-16 00:00:00,4.4665
2022-02-16 04:00:00,4.1224
2022-02-16 08:00:00,4.0635
2022-02-16 12:00:00,4.3174
2022-02-16 16:00:00,4.4431
2022-02-16 20:00:00,4.5697
2022-02-17 00:00:00,4.4599
2022-02-17 04:00:00,4.1177
2022-02-17 08:00:00,4.0492
2022-02-17 12:00:00,4.3107
2022-02-17 16:00:00,4.4094
2022-02-17 20:00:00,4.5245
2022-02-18 00:00:00,4.4843
2022-02-18 04:00:00,4.1787
2022-02-18 08:00:00,4.1122
2022-02-18 12:00:00,4.3570
2022-02-18 16:00:00,4.4114
2022-02-18 20:00:00,4.5001
2022-02-19 00:00:00,4.5206
2022-02-19 04:00:00,4.2868
2022-02-19 08:00:00,4.2250
2022-02-19 12:00:00,4.4190
2022-02-19 16:00:00,4.4384
2022-02-19 20:00:00,4.4883
2022-02-20 00:00:00,4.4964
2022-02-20 04:00:00,4.3132
2022-02-20 08:00:00,4.2665
2022-02-20 12:00:00,4.4620
2022-02-20 16:00:00,4.4469
2022-02-20 20:00:00,4.4280
2022-02-21 00:00:00,4.4068
2022-02-21 04:00:00,4.2945
2022-02-21 08:00:00,4.3146
2022-02-21 12:00:00,4.5142
2022-02-21 16:00:00,4.4735
2022-02-21 20:00:00,4.3806
2022-02-22 00:00:00,4.3063
2022-02-22 04:00:00,4.2726
2022-02-22 08:00:00,4.3434
2022-02-22 12:00:00,4.5495
2022-02-22 16:00:00,4.5044
2022-02-22 20:00:00,4.3514
2022-02-23 00:00:00,4.1896
2022-02-23 04:00:00,4.1570
2022-02-23 08:00:00,4.2660
2022-02-23 12:00:00,4.5100
2022-02-23 16:00:00,4.4953
2022-02-23 20:00:00,4.3042
2022-02-24 00:00:00,4.0602
2022-02-24 04:00:00,4.0477
2022-02-24 08:00:00,4.1995
2022-02-24 12:00:00,4.5049
2022-02-24 16:00:00,4.5712
2022-02-24 20:00:00,4.4390
2022-02-25 00:00:00,4.1239
2022-02-25 04:00:00,4.0593
2022-02-25 08:00:00,4.2088
2022-02-25 12:00:00,4.5603
2022-02-25 16:00:00,4.6796
2022-02-25 20:00:00,4.6136
2022-02-26 00:00:00,4.1915
2022-02-26 04:00:00,4.0023
2022-02-26 08:00:00,4.1185
2022-02-26 12:00:00,4.4569
2022-02-26 16:00:00,4.6347
2022-02-26 20:00:00,4.6070
2022-02-27 00:00:00,4.1780
2022-02-27 04:00:00,3.9207
2022-02-27 08:00:00,3.9948
2022-02-27 12:00:00,4.3290
2022-02-27 16:00:00,4.5398
2022-02-27 20:00:00,4.6270
2022-02-28 00:00:00,4.3035
2022-02-28 04:00:00,4.0010
2022-02-28 08:00:00,4.0250
2022-02-28 12:00:00,4.3410
2022-02-28 16:00:00,4.5156
2022-02-28 20:00:00,4.6573
2022-03-01 00:00:00,4.4658
2022-03-01 04:00:00,4.1267
2022-03-01 08:00:00,4.0843
2022-03-01 12:00:00,4.3165
2022-03-01 16:00:00,4.4425
2022-03-01 20:00:00,4.5776
2022-03-02 00:00:00,4.4839
2022-03-02 04:00:00,4.1429
2022-03-02 08:00:00,4.0622
2022-03-02 12:00:00,4.2006
2022-03-02 16:00:00,4.2684
2022-03-02 20:00:00,4.3737
2022-03-03 00:00:00,4.3489
2022-03-03 04:00:00,4.0544
2022-03-03 08:00:00,3.9735
2022-03-03 12:00:00,4.1452
2022-03-03 16:00:00,4.1735
2022-03-03 20:00:00,4.2592
2022-03-04 00:00:00,4.2458
2022-03-04 04:00:00,4.0143
2022-03-04 08:00:00,3.9691
2022-03-04 12:00:00,4.1196
2022-03-04 16:00:00,4.1023
2022-03-04 20:00:00,4.1255
2022-03-05 00:00:00,4.1561
2022-03-05 04:00:00,3.9968
2022-03-05 08:00:00,4.0190
2022-03-05 12:00:00,4.1822
2022-03-05 16:00:00,4.1284
2022-03-05 20:00:00,4.1117
2022-03-06 00:00:00,4.1276
2022-03-06 04:00:00,4.0629
2022-03-06 08:00:00,4.1608
2022-03-06 12:00:00,4.3625
2022-03-06 16:00:00,4.2867
2022-03-06 20:00:00,4.2002
2022-03-07 00:00:00,4.1393
2022-03-07 04:00:00,4.1187
2022-03-07 08:00:00,4.2523
2022-03-07 12:00:00,4.4677
2022-03-07 16:00:00,4.3849
2022-03-07 20:00:00,4.2550
2022-03-08 00:00:00,4.0805
2022-03-08 04:00:00,4.0787
2022-03-08 08:00:00,4.2329
2022-03-08 12:00:00,4.5229
2022-03-08 16:00:00,4.4434
2022-03-08 20:00:00,4.2762
2022-03-09 00:00:00,4.0968
2022-03-09 04:00:00,4.0710
2022-03-09 08:00:00,4.2515
2022-03-09 12:00:00,4.5622
2022-03-09 16:00:00,4.5010
2022-03-09 20:00:00,4.3145
2022-03-10 00:00:00,4.0909
2022-03-10 04:00:00,4.0830
2022-03-10 08:00:00,4.2429
2022-03-10 12:00:00,4.5764
2022-03-10 16:00:00,4.5491
2022-03-10 20:00:00,4.3772
2022-03-11 00:00:00,4.1279
2022-03-11 04:00:00,4.0990
2022-03-11 08:00:00,4.2531
2022-03-11 12:00:00,4.5942
2022-03-11 16:00:00,4.6235
2022-03-11 20:00:00,4.4720
2022-03-12 00:00:00,4.2277
2022-03-12 04:00:00,4.1563
2022-03-12 08:00:00,4.2976
2022-03-12 12:00:00,4.5824
2022-03-12 16:00:00,4.6423
2022-03-12 20:00:00,4.5655
2022-03-13 00:00:00,4.2869
2022-03-13 04:00:00,4.1735
2022-03-13 08:00:00,4.2815
2022-03-13 12:00:00,4.5393
2022-03-13 16:00:00,4.6270
2022-03-13 20:00:00,4.5894
2022-03-14 00:00:00,4.3179
2022-03-14 04:00:00,4.1691
2022-03-14 08:00:00,4.2426
2022-03-14 12:00:00,4.4742
2022-03-14 16:00:00,4.6015
2022-03-14 20:00:00,4.6274
2022-03-15 00:00:00,4.3563
2022-03-15 04:00:00,4.1528
2022-03-15 08:00:00,4.1951
2022-03-15 12:00:00,4.4095
2022-03-15 16:00:00,4.5320
2022-03-15 20:00:00,4.5966
2022-03-16 00:00:00,4.3938
2022-03-16 04:00:00,4.1724
2022-03-16 08:00:00,4.1924
2022-03-16 12:00:00,4.3746
2022-03-16 16:00:00,4.4499
2022-03-16 20:00:00,4.5379
2022-03-17 00:00:00,4.4310
2022-03-17 04:00:00,4.1827
2022-03-17 08:00:00,4.1641
2022-03-17 12:00:00,4.3394
2022-03-17 16:00:00,4.3730
2022-03-17 20:00:00,4.4728
2022-03-18 00:00:00,4.4302
2022-03-18 04:00:00,4.1940
2022-03-18 08:00:00,4.1895
2022-03-18 12:00:00,4.3370
2022-03-18 16:00:00,4.3129
2022-03-18 20:00:00,4.3898
2022-03-19 00:00:00,4.4210
2022-03-19 04:00:00,4.1887
2022-03-19 08:00:00,4.1738
2022-03-19 12:00:00,4.3044
2022-03-19 16:00:00,4.2245
2022-03-19 20:00:00,4.2645
2022-03-20 00:00:00,4.3860
2022-03-20 04:00:00,4.2272
2022-03-20 08:00:00,4.2857
2022-03-20 12:00:00,4.4152
2022-03-20 16:00:00,4.2424
2022-03-20 20:00:00,4.2009
2022-03-21 00:00:00,4.2517
2022-03-21 04:00:00,4.2023
2022-03-21 08:00:00,4.2977
2022-03-21 12:00:00,4.4395
2022-03-21 16:00:00,4.2658
2022-03-21 20:00:00,4.1518
2022-03-22 00:00:00,4.1494
2022-03-22 04:00:00,4.1779
2022-03-22 08:00:00,4.3176
2022-03-22 12:00:00,4.5109
2022-03-22 16:00:00,4.3344
2022-03-22 20:00:00,4.1224
2022-03-23 00:00:00,4.0038
2022-03-23 04:00:00,4.0934
2022-03-23 08:00:00,4.2913
2022-03-23 12:00:00,4.5496
2022-03-23 16:00:00,4.4223
2022-03-23 20:00:00,4.1819
2022-03-24 00:00:00,3.9585
2022-03-24 04:00:00,4.0414
2022-03-24 08:00:00,4.2736
2022-03-24 12:00:00,4.5985
2022-03-24 16:00:00,4.5403
2022-03-24 20:00:00,4.2969
2022-03-25 00:00:00,4.0022
2022-03-25 04:00:00,4.0531
2022-03-25 08:00:00,4.2847
2022-03-25 12:00:00,4.6569
2022-03-25 16:00:00,4.6675
2022-03-25 20:00:00,4.5079
2022-03-26 00:00:00,4.0894
2022-03-26 04:00:00,4.1388
2022-03-26 08:00:00,4.3420
2022-03-26 12:00:00,4.7035
2022-03-26 16:00:00,4.7829
2022-03-26 20:00:00,4.6833
2022-03-27 00:00:00,4.2839
2022-03-27 04:00:00,4.1580
2022-03-27 08:00:00,4.2971
2022-03-27 12:00:00,4.5631
2022-03-27 16:00:00,4.6537
2022-03-27 20:00:00,4.6072
2022-03-28 00:00:00,4.2692
2022-03-28 04:00:00,4.1191
2022-03-28 08:00:00,4.2159
2022-03-28 12:00:00,4.4609
2022-03-28 16:00:00,4.5386
2022-03-28 20:00:00,4.5745
2022-03-29 00:00:00,4.3336
2022-03-29 04:00:00,4.1476
2022-03-29 08:00:00,4.2309
2022-03-29 12:00:00,4.4389
2022-03-29 16:00:00,4.5503
2022-03-29 20:00:00,4.6028
2022-03-30 00:00:00,4.4791
2022-03-30 04:00:00,4.2945
2022-03-30 08:00:00,4.3233
2022-03-30 12:00:00,4.4724
2022-03-30 16:00:00,4.4859
2022-03-30 20:00:00,4.5533
2022-03-31 00:00:00,4.5070
2022-03-31 04:00:00,4.3408
2022-03-31 08:00:00,4.3795
2022-03-31 12:00:00,4.5059
2022-03-31 16:00:00,4.4553
2022-03-31 20:00:00,4.4867
2022-04-01 00:00:00,4.4973
2022-04-01 04:00:00,4.4027
2022-04-01 08:00:00,4.4533
2022-04-01 12:00:00,4.5524
2022-04-01 16:00:00,4.4479
2022-04-01 20:00:00,4.4484
2022-04-02 00:00:00,4.5026
2022-04-02 04:00:00,4.4748
2022-04-02 08:00:00,4.5758
2022-04-02 12:00:00,4.6733
2022-04-02 16:00:00,4.5343
2022-04-02 20:00:00,4.4760
2022-04-03 00:00:00,4.5189
2022-04-03 04:00:00,4.5480
2022-04-03 08:00:00,4.7083
2022-04-03 12:00:00,4.8244
2022-04-03 16:00:00,4.6041
2022-04-03 20:00:00,4.4476
2022-04-04 00:00:00,4.3868
2022-04-04 04:00:00,4.4071
2022-04-04 08:00:00,4.5707
2022-04-04 12:00:00,4.6880
2022-04-04 16:00:00,4.4664
2022-04-04 20:00:00,4.2773
2022-04-05 00:00:00,4.2384
2022-04-05 04:00:00,4.2910
2022-04-05 08:00:00,4.5040
2022-04-05 12:00:00,4.6895
2022-04-05 16:00:00,4.4793
2022-04-05 20:00:00,4.2887
2022-04-06 00:00:00,4.1767
2022-04-06 04:00:00,4.2487
2022-04-06 08:00:00,4.4908
2022-04-06 12:00:00,4.7164
2022-04-06 16:00:00,4.5343
2022-04-06 20:00:00,4.3131
2022-04-07 00:00:00,4.1741
2022-04-07 04:00:00,4.2445
2022-04-07 08:00:00,4.4833
2022-04-07 12:00:00,4.7466
2022-04-07 16:00:00,4.6049
2022-04-07 20:00:00,4.3966
2022-04-08 00:00:00,4.2277
2022-04-08 04:00:00,4.3045
2022-04-08 08:00:00,4.5493
2022-04-08 12:00:00,4.8307
2022-04-08 16:00:00,4.7053
2022-04-08 20:00:00,4.4996
2022-04-09 00:00:00,4.2298
2022-04-09 04:00:00,4.2299
2022-04-09 08:00:00,4.3911
2022-04-09 12:00:00,4.6545
2022-04-09 16:00:00,4.5972
2022-04-09 20:00:00,4.4220
2022-04-10 00:00:00,4.1894
2022-04-10 04:00:00,4.1930
2022-04-10 08:00:00,4.3813
2022-04-10 12:00:00,4.6342
2022-04-10 16:00:00,4.6456
2022-04-10 20:00:00,4.4643
2022-04-11 00:00:00,4.2079
2022-04-11 04:00:00,4.2191
2022-04-11 08:00:00,4.3720
2022-04-11 12:00:00,4.5670
2022-04-11 16:00:00,4.5859
2022-04-11 20:00:00,4.4969
2022-04-12 00:00:00,4.2204
2022-04-12 04:00:00,4.1704
2022-04-12 08:00:00,4.2909
2022-04-12 12:00:00,4.4444
2022-04-12 16:00:00,4.4875
2022-04-12 20:00:00,4.4397
2022-04-13 00:00:00,4.1949
2022-04-13 04:00:00,4.1178
2022-04-13 08:00:00,4.2211
2022-04-13 12:00:00,4.3559
2022-04-13 16:00:00,4.3761
2022-04-13 20:00:00,4.3953
2022-04-14 00:00:00,4.2034
2022-04-14 04:00:00,4.1104
2022-04-14 08:00:00,4.2190
2022-04-14 12:00:00,4.3143
2022-04-14 16:00:00,4.2950
2022-04-14 20:00:00,4.3424
2022-04-15 00:00:00,4.2565
2022-04-15 04:00:00,4.1802
2022-04-15 08:00:00,4.2820
2022-04-15 12:00:00,4.3453
2022-04-15 16:00:00,4.2640
2022-04-15 20:00:00,4.2990
2022-04-16 00:00:00,4.3333
2022-04-16 04:00:00,4.2970
2022-04-16 08:00:00,4.3921
2022-04-16 12:00:00,4.4368
2022-04-16 16:00:00,4.2541
2022-04-16 20:00:00,4.2453
2022-04-17 00:00:00,4.3150
2022-04-17 04:00:00,4.3043
2022-04-17 08:00:00,4.4146
2022-04-17 12:00:00,4.4627
2022-04-17 16:00:00,4.1884
2022-04-17 20:00:00,4.0818
2022-04-18 00:00:00,4.1777
2022-04-18 04:00:00,4.2491
2022-04-18 08:00:00,4.4179
2022-04-18 12:00:00,4.4935
2022-04-18 16:00:00,4.1911
2022-04-18 20:00:00,4.0232
2022-04-19 00:00:00,4.1198
2022-04-19 04:00:00,4.2618
2022-04-19 08:00:00,4.4817
2022-04-19 12:00:00,4.5953
2022-04-19 16:00:00,4.2563
2022-04-19 20:00:00,3.9993
2022-04-20 00:00:00,4.0046
2022-04-20 04:00:00,4.1901
2022-04-20 08:00:00,4.4796
2022-04-20 12:00:00,4.6345
2022-04-20 16:00:00,4.3116
2022-04-20 20:00:00,4.0049
2022-04-21 00:00:00,3.9086
2022-04-21 04:00:00,4.1208
2022-04-21 08:00:00,4.4306
2022-04-21 12:00:00,4.6448
2022-04-21 16:00:00,4.4142
2022-04-21 20:00:00,4.0851
2022-04-22 00:00:00,3.8823
2022-04-22 04:00:00,4.0724
2022-04-22 08:00:00,4.3804
2022-04-22 12:00:00,4.6607
2022-04-22 16:00:00,4.5287
2022-04-22 20:00:00,4.2326
2022-04-23 00:00:00,3.9301
2022-04-23 04:00:00,4.0658
2022-04-23 08:00:00,4.3350
2022-04-23 12:00:00,4.6146
2022-04-23 16:00:00,4.5561
2022-04-23 20:00:00,4.3308
2022-04-24 00:00:00,4.0235
2022-04-24 04:00:00,4.0724
2022-04-24 08:00:00,4.2965
2022-04-24 12:00:00,4.5697
2022-04-24 16:00:00,4.5767
2022-04-24 20:00:00,4.4342
2022-04-25 00:00:00,4.1426
2022-04-25 04:00:00,4.1409
2022-04-25 08:00:00,4.3535
2022-04-25 12:00:00,4.5936
2022-04-25 16:00:00,4.6339
2022-04-25 20:00:00,4.6175
2022-04-26 00:00:00,4.4059
2022-04-26 04:00:00,4.3430
2022-04-26 08:00:00,4.4368
2022-04-26 12:00:00,4.5400
2022-04-26 16:00:00,4.5479
2022-04-26 20:00:00,4.5788
2022-04-27 00:00:00,4.4661
2022-04-27 04:00:00,4.4220
2022-04-27 08:00:00,4.5110
2022-04-27 12:00:00,4.5349
2022-04-27 16:00:00,4.4619
2022-04-27 20:00:00,4.4795
2022-04-28 00:00:00,4.4597
2022-04-28 04:00:00,4.4292
2022-04-28 08:00:00,4.5373
2022-04-28 12:00:00,4.4684
2022-04-28 16:00:00,4.2925
2022-04-28 20:00:00,4.2737
2022-04-29 00:00:00,4.2922
2022-04-29 04:00:00,4.3201
2022-04-29 08:00:00,4.4343
2022-04-29 12:00:00,4.4014
2022-04-29 16:00:00,4.2077
2022-04-29 20:00:00,4.1625
2022-04-30 00:00:00,4.2052
2022-04-30 04:00:00,4.3018
2022-04-30 08:00:00,4.4527
2022-04-30 12:00:00,4.4287
2022-04-30 16:00:00,4.1835
2022-04-30 20:00:00,4.0808
2022-05-01 00:00:00,4.1411
2022-05-01 04:00:00,4.2804
2022-05-01 08:00:00,4.4740
2022-05-01 12:00:00,4.4762
2022-05-01 16:00:00,4.1993
2022-05-01 20:00:00,4.0638
2022-05-02 00:00:00,4.1418
2022-05-02 04:00:00,4.3090
2022-05-02 08:00:00,4.5545
2022-05-02 12:00:00,4.5838
2022-05-02 16:00:00,4.2864
2022-05-02 20:00:00,4.1018
2022-05-03 00:00:00,4.0856
2022-05-03 04:00:00,4.2439
2022-05-03 08:00:00,4.4990
2022-05-03 12:00:00,4.5777
2022-05-03 16:00:00,4.2509
2022-05-03 20:00:00,4.0096
2022-05-04 00:00:00,4.0054
2022-05-04 04:00:00,4.1563
2022-05-04 08:00:00,4.4485
2022-05-04 12:00:00,4.5445
2022-05-04 16:00:00,4.2214
2022-05-04 20:00:00,3.9731
2022-05-05 00:00:00,3.9215
2022-05-05 04:00:00,4.0925
2022-05-05 08:00:00,4.4005
2022-05-05 12:00:00,4.5553
2022-05-05 16:00:00,4.2788
2022-05-05 20:00:00,4.0373
2022-05-06 00:00:00,3.9659
2022-05-06 04:00:00,4.1272
2022-05-06 08:00:00,4.4364
2022-05-06 12:00:00,4.6319
2022-05-06 16:00:00,4.4138
2022-05-06 20:00:00,4.1544
2022-05-07 00:00:00,4.0203
2022-05-07 04:00:00,4.2023
2022-05-07 08:00:00,4.4766
2022-05-07 12:00:00,4.6985
2022-05-07 16:00:00,4.5072
2022-05-07 20:00:00,4.2357
2022-05-08 00:00:00,4.1104
2022-05-08 04:00:00,4.2512
2022-05-08 08:00:00,4.4917
2022-05-08 12:00:00,4.6793
2022-05-08 16:00:00,4.5512
2022-05-08 20:00:00,4.3248
2022-05-09 00:00:00,4.1332
2022-05-09 04:00:00,4.2473
2022-05-09 08:00:00,4.4563
2022-05-09 12:00:00,4.6163
2022-05-09 16:00:00,4.5368
2022-05-09 20:00:00,4.3608
2022-05-10 00:00:00,4.1731
2022-05-10 04:00:00,4.2775
2022-05-10 08:00:00,4.4646
2022-05-10 12:00:00,4.5682
2022-05-10 16:00:00,4.5167
2022-05-10 20:00:00,4.4026
2022-05-11 00:00:00,4.2300
2022-05-11 04:00:00,4.3233
2022-05-11 08:00:00,4.4985
2022-05-11 12:00:00,4.5484
2022-05-11 16:00:00,4.5137
2022-05-11 20:00:00,4.4701
2022-05-12 00:00:00,4.3400
2022-05-12 04:00:00,4.4321
2022-05-12 08:00:00,4.6112
2022-05-12 12:00:00,4.4743
2022-05-12 16:00:00,4.4292
2022-05-12 20:00:00,4.4486
2022-05-13 00:00:00,4.4162
2022-05-13 04:00:00,4.4886
2022-05-13 08:00:00,4.5713
2022-05-13 12:00:00,4.4465
2022-05-13 16:00:00,4.2842
2022-05-13 20:00:00,4.3103
2022-05-14 00:00:00,4.3820
2022-05-14 04:00:00,4.5099
2022-05-14 08:00:00,4.6600
2022-05-14 12:00:00,4.5264
2022-05-14 16:00:00,4.3278
2022-05-14 20:00:00,4.2621
2022-05-15 00:00:00,4.3414
2022-05-15 04:00:00,4.4496
2022-05-15 08:00:00,4.6125
2022-05-15 12:00:00,4.4895
2022-05-15 16:00:00,4.1926
2022-05-15 20:00:00,4.1130
2022-05-16 00:00:00,4.2854
2022-05-16 04:00:00,4.4464
2022-05-16 08:00:00,4.6407
2022-05-16 12:00:00,4.5623
2022-05-16 16:00:00,4.1855
2022-05-16 20:00:00,4.0232
2022-05-17 00:00:00,4.1938
2022-05-17 04:00:00,4.4012
2022-05-17 08:00:00,4.6744
2022-05-17 12:00:00,4.6926
2022-05-17 16:00:00,4.2722
2022-05-17 20:00:00,4.0542
2022-05-18 00:00:00,4.1890
2022-05-18 04:00:00,4.4633
2022-05-18 08:00:00,4.8053
2022-05-18 12:00:00,4.8679
2022-05-18 16:00:00,4.4077
2022-05-18 20:00:00,4.0754
2022-05-19 00:00:00,4.0990
2022-05-19 04:00:00,4.3932
2022-05-19 08:00:00,4.7180
2022-05-19 12:00:00,4.8160
2022-05-19 16:00:00,4.4266
2022-05-19 20:00:00,4.0816
2022-05-20 00:00:00,4.0186
2022-05-20 04:00:00,4.3000
2022-05-20 08:00:00,4.6262
2022-05-20 12:00:00,4.7649
2022-05-20 16:00:00,4.4636
2022-05-20 20:00:00,4.1217
2022-05-21 00:00:00,3.9725
2022-05-21 04:00:00,4.2178
2022-05-21 08:00:00,4.5207
2022-05-21 12:00:00,4.7001
2022-05-21 16:00:00,4.5203
2022-05-21 20:00:00,4.2285
2022-05-22 00:00:00,4.0168
2022-05-22 04:00:00,4.2170
2022-05-22 08:00:00,4.4943
2022-05-22 12:00:00,4.7264
2022-05-22 16:00:00,4.7167
2022-05-22 20:00:00,4.5683
2022-05-23 00:00:00,4.3478
2022-05-23 04:00:00,4.4551
2022-05-23 08:00:00,4.7007
2022-05-23 12:00:00,4.9671
2022-05-23 16:00:00,4.9115
2022-05-23 20:00:00,4.8507
2022-05-24 00:00:00,4.6990
2022-05-24 04:00:00,4.6280
2022-05-24 08:00:00,4.6757
2022-05-24 12:00:00,4.6685
2022-05-24 16:00:00,4.5675
2022-05-24 20:00:00,4.4737
2022-05-25 00:00:00,4.3340
2022-05-25 04:00:00,4.3904
2022-05-25 08:00:00,4.5002
2022-05-25 12:00:00,4.4873
2022-05-25 16:00:00,4.4111
2022-05-25 20:00:00,4.3993
2022-05-26 00:00:00,4.3662
2022-05-26 04:00:00,4.4370
2022-05-26 08:00:00,4.5337
2022-05-26 12:00:00,4.4727
2022-05-26 16:00:00,4.3392
2022-05-26 20:00:00,4.3256
2022-05-27 00:00:00,4.3735
2022-05-27 04:00:00,4.4971
2022-05-27 08:00:00,4.6271
2022-05-27 12:00:00,4.5158
2022-05-27 16:00:00,4.3010
2022-05-27 20:00:00,4.2372
2022-05-28 00:00:00,4.3258
2022-05-28 04:00:00,4.5218
2022-05-28 08:00:00,4.6938
2022-05-28 12:00:00,4.5778
2022-05-28 16:00:00,4.3001
2022-05-28 20:00:00,4.1824
2022-05-29 00:00:00,4.2337
2022-05-29 04:00:00,4.4394
2022-05-29 08:00:00,4.6282
2022-05-29 12:00:00,4.4561
2022-05-29 16:00:00,4.1078
2022-05-29 20:00:00,3.9405
2022-05-30 00:00:00,4.0525
2022-05-30 04:00:00,4.3385
2022-05-30 08:00:00,4.5739
2022-05-30 12:00:00,4.4697
2022-05-30 16:00:00,4.1112
2022-05-30 20:00:00,3.9264
2022-05-31 00:00:00,4.0268
2022-05-31 04:00:00,4.3160
2022-05-31 08:00:00,4.5829
2022-05-31 12:00:00,4.5229
2022-05-31 16:00:00,4.1615
2022-05-31 20:00:00,3.9519
2022-06-01 00:00:00,4.0670
2022-06-01 04:00:00,4.3581
2022-06-01 08:00:00,4.6739
2022-06-01 12:00:00,4.6807
2022-06-01 16:00:00,4.2901
2022-06-01 20:00:00,4.0603
2022-06-02 00:00:00,4.1310
2022-06-02 04:00:00,4.4250
2022-06-02 08:00:00,4.7372
2022-06-02 12:00:00,4.7312
2022-06-02 16:00:00,4.3365
2022-06-02 20:00:00,4.0632
2022-06-03 00:00:00,4.0784
2022-06-03 04:00:00,4.3142
2022-06-03 08:00:00,4.6268
2022-06-03 12:00:00,4.7298
2022-06-03 16:00:00,4.3771
2022-06-03 20:00:00,4.0749
2022-06-04 00:00:00,4.0493
2022-06-04 04:00:00,4.2622
2022-06-04 08:00:00,4.5347
2022-06-04 12:00:00,4.6270
2022-06-04 16:00:00,4.3317
2022-06-04 20:00:00,4.0600
2022-06-05 00:00:00,4.0017
2022-06-05 04:00:00,4.2222
2022-06-05 08:00:00,4.4691
2022-06-05 12:00:00,4.5755
2022-06-05 16:00:00,4.3573
2022-06-05 20:00:00,4.0881
2022-06-06 00:00:00,4.0022
2022-06-06 04:00:00,4.1979
2022-06-06 08:00:00,4.4120
2022-06-06 12:00:00,4.5378
2022-06-06 16:00:00,4.3791
2022-06-06 20:00:00,4.1468
2022-06-07 00:00:00,4.0499
2022-06-07 04:00:00,4.2258
2022-06-07 08:00:00,4.3896
2022-06-07 12:00:00,4.4788
2022-06-07 16:00:00,4.3776
2022-06-07 20:00:00,4.2119
2022-06-08 00:00:00,4.1148
2022-06-08 04:00:00,4.2685
2022-06-08 08:00:00,4.4495
2022-06-08 12:00:00,4.5082
2022-06-08 16:00:00,4.4477
2022-06-08 20:00:00,4.3458
2022-06-09 00:00:00,4.2859
2022-06-09 04:00:00,4.4480
2022-06-09 08:00:00,4.5673
2022-06-09 12:00:00,4.5117
2022-06-09 16:00:00,4.4829
2022-06-09 20:00:00,4.4350
2022-06-10 00:00:00,4.4030
2022-06-10 04:00:00,4.5752
2022-06-10 08:00:00,4.7072
2022-06-10 12:00:00,4.5875
2022-06-10 16:00:00,4.5370
2022-06-10 20:00:00,4.5149
2022-06-11 00:00:00,4.5698
2022-06-11 04:00:00,4.7533
2022-06-11 08:00:00,4.8670
2022-06-11 12:00:00,4.6087
2022-06-11 16:00:00,4.3645
2022-06-11 20:00:00,4.3355
2022-06-12 00:00:00,4.4707
2022-06-12 04:00:00,4.6997
2022-06-12 08:00:00,4.8979
2022-06-12 12:00:00,4.7906
2022-06-12 16:00:00,4.4303
2022-06-12 20:00:00,4.3444
2022-06-13 00:00:00,4.5250
2022-06-13 04:00:00,4.7503
2022-06-13 08:00:00,4.8965
2022-06-13 12:00:00,4.6502
2022-06-13 16:00:00,4.2232
2022-06-13 20:00:00,4.0657
2022-06-14 00:00:00,4.2915
2022-06-14 04:00:00,4.5770
2022-06-14 08:00:00,4.8279
2022-06-14 12:00:00,4.6803
2022-06-14 16:00:00,4.2172
2022-06-14 20:00:00,4.0369
2022-06-15 00:00:00,4.2337
2022-06-15 04:00:00,4.5596
2022-06-15 08:00:00,4.8546
2022-06-15 12:00:00,4.8109
2022-06-15 16:00:00,4.3236
2022-06-15 20:00:00,4.0352
2022-06-16 00:00:00,4.2008
2022-06-16 04:00:00,4.5073
2022-06-16 08:00:00,4.8131
2022-06-16 12:00:00,4.8433
2022-06-16 16:00:00,4.3867
2022-06-16 20:00:00,4.0776
2022-06-17 00:00:00,4.1699
2022-06-17 04:00:00,4.5239
2022-06-17 08:00:00,4.8888
2022-06-17 12:00:00,5.0004
2022-06-17 16:00:00,4.6872
2022-06-17 20:00:00,4.3008
2022-06-18 00:00:00,4.2476
2022-06-18 04:00:00,4.5643
2022-06-18 08:00:00,4.8759
2022-06-18 12:00:00,4.9862
2022-06-18 16:00:00,4.6753
2022-06-18 20:00:00,4.3364
2022-06-19 00:00:00,4.2694
2022-06-19 04:00:00,4.4843
2022-06-19 08:00:00,4.7128
2022-06-19 12:00:00,4.7736
2022-06-19 16:00:00,4.5217
2022-06-19 20:00:00,4.2439
2022-06-20 00:00:00,4.1506
2022-06-20 04:00:00,4.3271
2022-06-20 08:00:00,4.5091
2022-06-20 12:00:00,4.5704
2022-06-20 16:00:00,4.4449
2022-06-20 20:00:00,4.2730
2022-06-21 00:00:00,4.1871
2022-06-21 04:00:00,4.3372
2022-06-21 08:00:00,4.4680
2022-06-21 12:00:00,4.4899
2022-06-21 16:00:00,4.4289
2022-06-21 20:00:00,4.3596
2022-06-22 00:00:00,4.3372
2022-06-22 04:00:00,4.4602
2022-06-22 08:00:00,4.5493
2022-06-22 12:00:00,4.5213
2022-06-22 16:00:00,4.3949
2022-06-22 20:00:00,4.3545
2022-06-23 00:00:00,4.4017
2022-06-23 04:00:00,4.5342
2022-06-23 08:00:00,4.6085
2022-06-23 12:00:00,4.4616
2022-06-23 16:00:00,4.3106
2022-06-23 20:00:00,4.2671
2022-06-24 00:00:00,4.3521
2022-06-24 04:00:00,4.5194
2022-06-24 08:00:00,4.5974
2022-06-24 12:00:00,4.4391
2022-06-24 16:00:00,4.2317
2022-06-24 20:00:00,4.1769
2022-06-25 00:00:00,4.3306
2022-06-25 04:00:00,4.5279
2022-06-25 08:00:00,4.6308
2022-06-25 12:00:00,4.4162
2022-06-25 16:00:00,4.1524
2022-06-25 20:00:00,4.0591
2022-06-26 00:00:00,4.2351
2022-06-26 04:00:00,4.4997
2022-06-26 08:00:00,4.6748
2022-06-26 12:00:00,4.4765
2022-06-26 16:00:00,4.1831
2022-06-26 20:00:00,4.0880
2022-06-27 00:00:00,4.2888
2022-06-27 04:00:00,4.5959
2022-06-27 08:00:00,4.8023
2022-06-27 12:00:00,4.6155
2022-06-27 16:00:00,4.2553
2022-06-27 20:00:00,4.0567
2022-06-28 00:00:00,4.2105
2022-06-28 04:00:00,4.5099
2022-06-28 08:00:00,4.7329
2022-06-28 12:00:00,4.5739
2022-06-28 16:00:00,4.2089
2022-06-28 20:00:00,4.0129
2022-06-29 00:00:00,4.1504
2022-06-29 04:00:00,4.4249
2022-06-29 08:00:00,4.6677
2022-06-29 12:00:00,4.5689
2022-06-29 16:00:00,4.1808
2022-06-29 20:00:00,3.9757
2022-06-30 00:00:00,4.1364
2022-06-30 04:00:00,4.4309
2022-06-30 08:00:00,4.7126
2022-06-30 12:00:00,4.6878
2022-06-30 16:00:00,4.2868
2022-06-30 20:00:00,4.0483
2022-07-01 00:00:00,4.1448
2022-07-01 04:00:00,4.4204
2022-07-01 08:00:00,4.7030
2022-07-01 12:00:00,4.7247
2022-07-01 16:00:00,4.3378
2022-07-01 20:00:00,4.0845
2022-07-02 00:00:00,4.1588
2022-07-02 04:00:00,4.4112
2022-07-02 08:00:00,4.6752
2022-07-02 12:00:00,4.7482
2022-07-02 16:00:00,4.3964
2022-07-02 20:00:00,4.1231
2022-07-03 00:00:00,4.1630
2022-07-03 04:00:00,4.3857
2022-07-03 08:00:00,4.6246
2022-07-03 12:00:00,4.7191
2022-07-03 16:00:00,4.4238
2022-07-03 20:00:00,4.1762
2022-07-04 00:00:00,4.1964
2022-07-04 04:00:00,4.4085
2022-07-04 08:00:00,4.6298
2022-07-04 12:00:00,4.7429
2022-07-04 16:00:00,4.5576
2022-07-04 20:00:00,4.3692
2022-07-05 00:00:00,4.3740
2022-07-05 04:00:00,4.6077
2022-07-05 08:00:00,4.7867
2022-07-05 12:00:00,4.7761
2022-07-05 16:00:00,4.5663
2022-07-05 20:00:00,4.3737
2022-07-06 00:00:00,4.3956
2022-07-06 04:00:00,4.5443
2022-07-06 08:00:00,4.6252
2022-07-06 12:00:00,4.6062
2022-07-06 16:00:00,4.5039
2022-07-06 20:00:00,4.3946
2022-07-07 00:00:00,4.4024
2022-07-07 04:00:00,4.5412
2022-07-07 08:00:00,4.5903
2022-07-07 12:00:00,4.5341
2022-07-07 16:00:00,4.4762
2022-07-07 20:00:00,4.4358
2022-07-08 00:00:00,4.4917
2022-07-08 04:00:00,4.6353
2022-07-08 08:00:00,4.6712
2022-07-08 12:00:00,4.5391
2022-07-08 16:00:00,4.4671
2022-07-08 20:00:00,4.4709
2022-07-09 00:00:00,4.6005
2022-07-09 04:00:00,4.7780
2022-07-09 08:00:00,4.8384
2022-07-09 12:00:00,4.6817
2022-07-09 16:00:00,4.6208
2022-07-09 20:00:00,4.5838
2022-07-10 00:00:00,4.7213
2022-07-10 04:00:00,4.8658
2022-07-10 08:00:00,4.8858
2022-07-10 12:00:00,4.5431
2022-07-10 16:00:00,4.2740
2022-07-10 20:00:00,4.2343
2022-07-11 00:00:00,4.4485
2022-07-11 04:00:00,4.6761
2022-07-11 08:00:00,4.7915
2022-07-11 12:00:00,4.4741
2022-07-11 16:00:00,4.1347
2022-07-11 20:00:00,4.0760
2022-07-12 00:00:00,4.3337
2022-07-12 04:00:00,4.6172
2022-07-12 08:00:00,4.8114
2022-07-12 12:00:00,4.5505
2022-07-12 16:00:00,4.1118
2022-07-12 20:00:00,3.9714
2022-07-13 00:00:00,4.2578
2022-07-13 04:00:00,4.5577
2022-07-13 08:00:00,4.8083
2022-07-13 12:00:00,4.6631
2022-07-13 16:00:00,4.2007
2022-07-13 20:00:00,4.0017
2022-07-14 00:00:00,4.2711
2022-07-14 04:00:00,4.5806
2022-07-14 08:00:00,4.8793
2022-07-14 12:00:00,4.9541
2022-07-14 16:00:00,4.4836
2022-07-14 20:00:00,4.2205
2022-07-15 00:00:00,4.4043
2022-07-15 04:00:00,4.6093
2022-07-15 08:00:00,4.8454
2022-07-15 12:00:00,4.8638
2022-07-15 16:00:00,4.4016
2022-07-15 20:00:00,4.0827
2022-07-16 00:00:00,4.1916
2022-07-16 04:00:00,4.4185
2022-07-16 08:00:00,4.6560
2022-07-16 12:00:00,4.7412
2022-07-16 16:00:00,4.3956
2022-07-16 20:00:00,4.1279
2022-07-17 00:00:00,4.1838
2022-07-17 04:00:00,4.3730
2022-07-17 08:00:00,4.5954
2022-07-17 12:00:00,4.7194
2022-07-17 16:00:00,4.4841
2022-07-17 20:00:00,4.3226
2022-07-18 00:00:00,4.3423
2022-07-18 04:00:00,4.4501
2022-07-18 08:00:00,4.5696
2022-07-18 12:00:00,4.6111
2022-07-18 16:00:00,4.4308
2022-07-18 20:00:00,4.2479
2022-07-19 00:00:00,4.2627
2022-07-19 04:00:00,4.3706
2022-07-19 08:00:00,4.4507
2022-07-19 12:00:00,4.4548
2022-07-19 16:00:00,4.3528
2022-07-19 20:00:00,4.2724
2022-07-20 00:00:00,4.2996
2022-07-20 04:00:00,4.4091
2022-07-20 08:00:00,4.4860
2022-07-20 12:00:00,4.4273
2022-07-20 16:00:00,4.3616
2022-07-20 20:00:00,4.3469
2022-07-21 00:00:00,4.5196
2022-07-21 04:00:00,4.6794
2022-07-21 08:00:00,4.6624
2022-07-21 12:00:00,4.4765
2022-07-21 16:00:00,4.3267
2022-07-21 20:00:00,4.2991
2022-07-22 00:00:00,4.4690
2022-07-22 04:00:00,4.5894
2022-07-22 08:00:00,4.6080
2022-07-22 12:00:00,4.3898
2022-07-22 16:00:00,4.2249
2022-07-22 20:00:00,4.2137
2022-07-23 00:00:00,4.4576
2022-07-23 04:00:00,4.6425
2022-07-23 08:00:00,4.7229
2022-07-23 12:00:00,4.5754
2022-07-23 16:00:00,4.3387
2022-07-23 20:00:00,4.2456
2022-07-24 00:00:00,4.4161
2022-07-24 04:00:00,4.5783
2022-07-24 08:00:00,4.6240
2022-07-24 12:00:00,4.3658
2022-07-24 16:00:00,4.1101
2022-07-24 20:00:00,4.0607
2022-07-25 00:00:00,4.3021
2022-07-25 04:00:00,4.5252
2022-07-25 08:00:00,4.6218
2022-07-25 12:00:00,4.3783
2022-07-25 16:00:00,4.1077
2022-07-25 20:00:00,4.0609
2022-07-26 00:00:00,4.3209
2022-07-26 04:00:00,4.6118
2022-07-26 08:00:00,4.7451
2022-07-26 12:00:00,4.5363
2022-07-26 16:00:00,4.1632
2022-07-26 20:00:00,4.0285
2022-07-27 00:00:00,4.2166
2022-07-27 04:00:00,4.5062
2022-07-27 08:00:00,4.6861
2022-07-27 12:00:00,4.4777
2022-07-27 16:00:00,4.1141
2022-07-27 20:00:00,3.9732
2022-07-28 00:00:00,4.1905
2022-07-28 04:00:00,4.4623
2022-07-28 08:00:00,4.6865
2022-07-28 12:00:00,4.5990
2022-07-28 16:00:00,4.2310
2022-07-28 20:00:00,4.0931
2022-07-29 00:00:00,4.2963
2022-07-29 04:00:00,4.5604
2022-07-29 08:00:00,4.7941
2022-07-29 12:00:00,4.7232
2022-07-29 16:00:00,4.3417
2022-07-29 20:00:00,4.1676
2022-07-30 00:00:00,4.3242
2022-07-30 04:00:00,4.5096
2022-07-30 08:00:00,4.6850
2022-07-30 12:00:00,4.6242
2022-07-30 16:00:00,4.2105
2022-07-30 20:00:00,4.0005
2022-07-31 00:00:00,4.1663
2022-07-31 04:00:00,4.3065
2022-07-31 08:00:00,4.4928
2022-07-31 12:00:00,4.5476
2022-07-31 16:00:00,4.2118
2022-07-31 20:00:00,4.0276
2022-08-01 00:00:00,4.1806
2022-08-01 04:00:00,4.3690
2022-08-01 08:00:00,4.6329
2022-08-01 12:00:00,4.7825
2022-08-01 16:00:00,4.6058
2022-08-01 20:00:00,4.5254
2022-08-02 00:00:00,4.6455
2022-08-02 04:00:00,4.7198
2022-08-02 08:00:00,4.7853
2022-08-02 12:00:00,4.7649
2022-08-02 16:00:00,4.7241
2022-08-02 20:00:00,4.5924
2022-08-03 00:00:00,4.6411
2022-08-03 04:00:00,4.6537
2022-08-03 08:00:00,4.6763
2022-08-03 12:00:00,4.7173
2022-08-03 16:00:00,4.5319
2022-08-03 20:00:00,4.4117
2022-08-04 00:00:00,4.4562
2022-08-04 04:00:00,4.4660
2022-08-04 08:00:00,4.4145
2022-08-04 12:00:00,4.3185
2022-08-04 16:00:00,4.2380
2022-08-04 20:00:00,4.2266
2022-08-05 00:00:00,4.3481
2022-08-05 04:00:00,4.3901
2022-08-05 08:00:00,4.3317
2022-08-05 12:00:00,4.1866
2022-08-05 16:00:00,4.1455
2022-08-05 20:00:00,4.1899
2022-08-06 00:00:00,4.3741
2022-08-06 04:00:00,4.4685
2022-08-06 08:00:00,4.4126
2022-08-06 12:00:00,4.1871
2022-08-06 16:00:00,4.1321
2022-08-06 20:00:00,4.2471
2022-08-07 00:00:00,4.5160
2022-08-07 04:00:00,4.6541
2022-08-07 08:00:00,4.5711
2022-08-07 12:00:00,4.2095
2022-08-07 16:00:00,4.0507
2022-08-07 20:00:00,4.1395
2022-08-08 00:00:00,4.4220
2022-08-08 04:00:00,4.6517
2022-08-08 08:00:00,4.7186
2022-08-08 12:00:00,4.4431
2022-08-08 16:00:00,4.1463
2022-08-08 20:00:00,4.2009
2022-08-09 00:00:00,4.5010
2022-08-09 04:00:00,4.7579
2022-08-09 08:00:00,4.8294
2022-08-09 12:00:00,4.4213
2022-08-09 16:00:00,4.0395
2022-08-09 20:00:00,3.9919
2022-08-10 00:00:00,4.2531
2022-08-10 04:00:00,4.5026
2022-08-10 08:00:00,4.6670
2022-08-10 12:00:00,4.3849
2022-08-10 16:00:00,3.9792
2022-08-10 20:00:00,3.8674
2022-08-11 00:00:00,4.1446
2022-08-11 04:00:00,4.3908
2022-08-11 08:00:00,4.6121
2022-08-11 12:00:00,4.4799
2022-08-11 16:00:00,4.0607
2022-08-11 20:00:00,3.8974
2022-08-12 00:00:00,4.1318
2022-08-12 04:00:00,4.3252
2022-08-12 08:00:00,4.5578
2022-08-12 12:00:00,4.5551
2022-08-12 16:00:00,4.1721
2022-08-12 20:00:00,3.9852
2022-08-13 00:00:00,4.1779
2022-08-13 04:00:00,4.3923
2022-08-13 08:00:00,4.6667
2022-08-13 12:00:00,4.8347
2022-08-13 16:00:00,4.6041
2022-08-13 20:00:00,4.3925
2022-08-14 00:00:00,4.3851
2022-08-14 04:00:00,4.4571
2022-08-14 08:00:00,4.5904
2022-08-14 12:00:00,4.6993
2022-08-14 16:00:00,4.4324
2022-08-14 20:00:00,4.2562
2022-08-15 00:00:00,4.3128
2022-08-15 04:00:00,4.3558
2022-08-15 08:00:00,4.4608
2022-08-15 12:00:00,4.5685
2022-08-15 16:00:00,4.4372
2022-08-15 20:00:00,4.3730
2022-08-16 00:00:00,4.5393
2022-08-16 04:00:00,4.5729
2022-08-16 08:00:00,4.6028
2022-08-16 12:00:00,4.6248
2022-08-16 16:00:00,4.5478
2022-08-16 20:00:00,4.5495
2022-08-17 00:00:00,4.6895
2022-08-17 04:00:00,4.6931
2022-08-17 08:00:00,4.6357
2022-08-17 12:00:00,4.5468
2022-08-17 16:00:00,4.4595
2022-08-17 20:00:00,4.4014
2022-08-18 00:00:00,4.4966
2022-08-18 04:00:00,4.4796
2022-08-18 08:00:00,4.4198
2022-08-18 12:00:00,4.2994
2022-08-18 16:00:00,4.2278
2022-08-18 20:00:00,4.2795
2022-08-19 00:00:00,4.4555
2022-08-19 04:00:00,4.4454
2022-08-19 08:00:00,4.3660
2022-08-19 12:00:00,4.2029
2022-08-19 16:00:00,4.1111
2022-08-19 20:00:00,4.1754
2022-08-20 00:00:00,4.4358
2022-08-20 04:00:00,4.4631
2022-08-20 08:00:00,4.3895
2022-08-20 12:00:00,4.1908
2022-08-20 16:00:00,4.0734
2022-08-20 20:00:00,4.1311
2022-08-21 00:00:00,4.4247
2022-08-21 04:00:00,4.4952
2022-08-21 08:00:00,4.4542
2022-08-21 12:00:00,4.2180
2022-08-21 16:00:00,4.0436
2022-08-21 20:00:00,4.0622
2022-08-22 00:00:00,4.3085
2022-08-22 04:00:00,4.3944
2022-08-22 08:00:00,4.3843
2022-08-22 12:00:00,4.1450
2022-08-22 16:00:00,3.9385
2022-08-22 20:00:00,3.9371
2022-08-23 00:00:00,4.1747
2022-08-23 04:00:00,4.3309
2022-08-23 08:00:00,4.3683
2022-08-23 12:00:00,4.1243
2022-08-23 16:00:00,3.9172
2022-08-23 20:00:00,3.9258
2022-08-24 00:00:00,4.1784
2022-08-24 04:00:00,4.3766
2022-08-24 08:00:00,4.4687
2022-08-24 12:00:00,4.2738
2022-08-24 16:00:00,4.0348
2022-08-24 20:00:00,4.0291
2022-08-25 00:00:00,4.2523
2022-08-25 04:00:00,4.4537
2022-08-25 08:00:00,4.5919
2022-08-25 12:00:00,4.4197
2022-08-25 16:00:00,4.1338
2022-08-25 20:00:00,4.0954
2022-08-26 00:00:00,4.3101
2022-08-26 04:00:00,4.4712
2022-08-26 08:00:00,4.6207
2022-08-26 12:00:00,4.4917
2022-08-26 16:00:00,4.1974
2022-08-26 20:00:00,4.1489
2022-08-27 00:00:00,4.3710
2022-08-27 04:00:00,4.5043
2022-08-27 08:00:00,4.6535
2022-08-27 12:00:00,4.5778
2022-08-27 16:00:00,4.2293
2022-08-27 20:00:00,4.1135
2022-08-28 00:00:00,4.2922
2022-08-28 04:00:00,4.3808
2022-08-28 08:00:00,4.5171
2022-08-28 12:00:00,4.5046
2022-08-28 16:00:00,4.2124
2022-08-28 20:00:00,4.1197
2022-08-29 00:00:00,4.2826
2022-08-29 04:00:00,4.2925
2022-08-29 08:00:00,4.3918
2022-08-29 12:00:00,4.4791
2022-08-29 16:00:00,4.2475
2022-08-29 20:00:00,4.1684
2022-08-30 00:00:00,4.2875
2022-08-30 04:00:00,4.2566
2022-08-30 08:00:00,4.3199
2022-08-30 12:00:00,4.4143
2022-08-30 16:00:00,4.2553
2022-08-30 20:00:00,4.2096
2022-08-31 00:00:00,4.3061
2022-08-31 04:00:00,4.2364
2022-08-31 08:00:00,4.2267
2022-08-31 12:00:00,4.2767
2022-08-31 16:00:00,4.1845
2022-08-31 20:00:00,4.1815
2022-09-01 00:00:00,4.2756
2022-09-01 04:00:00,4.1740
2022-09-01 08:00:00,4.0814
2022-09-01 12:00:00,4.0952
2022-09-01 16:00:00,4.0775
2022-09-01 20:00:00,4.1516
2022-09-02 00:00:00,4.2854
2022-09-02 04:00:00,4.1821
2022-09-02 08:00:00,4.0519
2022-09-02 12:00:00,4.0074
2022-09-02 16:00:00,4.0551
2022-09-02 20:00:00,4.2093
2022-09-03 00:00:00,4.4118
2022-09-03 04:00:00,4.3649
2022-09-03 08:00:00,4.1957
2022-09-03 12:00:00,4.0112
2022-09-03 16:00:00,4.1001
2022-09-03 20:00:00,4.2829
2022-09-04 00:00:00,4.5592
2022-09-04 04:00:00,4.5700
2022-09-04 08:00:00,4.4269
2022-09-04 12:00:00,4.1746
2022-09-04 16:00:00,4.1517
2022-09-04 20:00:00,4.2974
2022-09-05 00:00:00,4.5892
2022-09-05 04:00:00,4.6346
2022-09-05 08:00:00,4.5182
2022-09-05 12:00:00,4.1455
2022-09-05 16:00:00,4.0530
2022-09-05 20:00:00,4.1726
2022-09-06 00:00:00,4.4601
2022-09-06 04:00:00,4.5873
2022-09-06 08:00:00,4.6193
2022-09-06 12:00:00,4.2563
2022-09-06 16:00:00,4.0512
2022-09-06 20:00:00,4.0802
2022-09-07 00:00:00,4.3093
2022-09-07 04:00:00,4.4759
2022-09-07 08:00:00,4.5482
2022-09-07 12:00:00,4.1995
2022-09-07 16:00:00,3.9186
2022-09-07 20:00:00,3.9256
2022-09-08 00:00:00,4.1765
2022-09-08 04:00:00,4.3498
2022-09-08 08:00:00,4.4854
2022-09-08 12:00:00,4.2835
2022-09-08 16:00:00,3.9902
2022-09-08 20:00:00,3.9606
2022-09-09 00:00:00,4.1901
2022-09-09 04:00:00,4.3190
2022-09-09 08:00:00,4.4856
2022-09-09 12:00:00,4.4078
2022-09-09 16:00:00,4.1017
2022-09-09 20:00:00,4.0258
2022-09-10 00:00:00,4.1772
2022-09-10 04:00:00,4.2391
2022-09-10 08:00:00,4.3935
2022-09-10 12:00:00,4.4283
2022-09-10 16:00:00,4.1399
2022-09-10 20:00:00,4.0403
2022-09-11 00:00:00,4.1640
2022-09-11 04:00:00,4.1679
2022-09-11 08:00:00,4.2810
2022-09-11 12:00:00,4.3725
2022-09-11 16:00:00,4.1912
2022-09-11 20:00:00,4.1377
2022-09-12 00:00:00,4.2484
2022-09-12 04:00:00,4.1995
2022-09-12 08:00:00,4.2623
2022-09-12 12:00:00,4.3799
2022-09-12 16:00:00,4.3074
2022-09-12 20:00:00,4.3486
2022-09-13 00:00:00,4.5160
2022-09-13 04:00:00,4.4925
2022-09-13 08:00:00,4.5696
2022-09-13 12:00:00,4.6339
2022-09-13 16:00:00,4.4237
2022-09-13 20:00:00,4.4079
2022-09-14 00:00:00,4.4634
2022-09-14 04:00:00,4.3167
2022-09-14 08:00:00,4.2443
2022-09-14 12:00:00,4.2153
2022-09-14 16:00:00,4.1993
2022-09-14 20:00:00,4.2754
2022-09-15 00:00:00,4.4060
2022-09-15 04:00:00,4.2564
2022-09-15 08:00:00,4.1329
2022-09-15 12:00:00,4.0456
2022-09-15 16:00:00,4.0718
2022-09-15 20:00:00,4.2285
2022-09-16 00:00:00,4.3953
2022-09-16 04:00:00,4.2694
2022-09-16 08:00:00,4.1210
2022-09-16 12:00:00,3.9981
2022-09-16 16:00:00,4.0035
2022-09-16 20:00:00,4.1837
2022-09-17 00:00:00,4.4109
2022-09-17 04:00:00,4.3026
2022-09-17 08:00:00,4.1536
2022-09-17 12:00:00,3.9882
2022-09-17 16:00:00,3.9663
2022-09-17 20:00:00,4.1184
2022-09-18 00:00:00,4.3932
2022-09-18 04:00:00,4.3543
2022-09-18 08:00:00,4.2325
2022-09-18 12:00:00,4.0501
2022-09-18 16:00:00,4.0189
2022-09-18 20:00:00,4.1993
2022-09-19 00:00:00,4.5329
2022-09-19 04:00:00,4.5947
2022-09-19 08:00:00,4.4796
2022-09-19 12:00:00,4.1554
2022-09-19 16:00:00,3.9884
2022-09-19 20:00:00,4.0742
2022-09-20 00:00:00,4.3437
2022-09-20 04:00:00,4.4194
2022-09-20 08:00:00,4.3701
2022-09-20 12:00:00,4.1181
2022-09-20 16:00:00,4.0131
2022-09-20 20:00:00,4.0862
2022-09-21 00:00:00,4.3094
2022-09-21 04:00:00,4.4092
2022-09-21 08:00:00,4.3971
2022-09-21 12:00:00,4.1582
2022-09-21 16:00:00,4.0425
2022-09-21 20:00:00,4.1236
2022-09-22 00:00:00,4.2478
2022-09-22 04:00:00,4.3197
2022-09-22 08:00:00,4.3366
2022-09-22 12:00:00,4.1244
2022-09-22 16:00:00,4.0019
2022-09-22 20:00:00,4.0693
2022-09-23 00:00:00,4.2160
2022-09-23 04:00:00,4.3000
2022-09-23 08:00:00,4.3595
2022-09-23 12:00:00,4.2013
2022-09-23 16:00:00,4.0561
2022-09-23 20:00:00,4.1262
2022-09-24 00:00:00,4.2764
2022-09-24 04:00:00,4.3563
2022-09-24 08:00:00,4.3619
2022-09-24 12:00:00,4.2329
2022-09-24 16:00:00,4.0582
2022-09-24 20:00:00,4.0897
2022-09-25 00:00:00,4.2092
2022-09-25 04:00:00,4.2044
2022-09-25 08:00:00,4.3052
2022-09-25 12:00:00,4.2847
2022-09-25 16:00:00,4.1168
2022-09-25 20:00:00,4.1241
2022-09-26 00:00:00,4.2019
2022-09-26 04:00:00,4.1295
2022-09-26 08:00:00,4.1968
2022-09-26 12:00:00,4.2677
2022-09-26 16:00:00,4.1324
2022-09-26 20:00:00,4.1448
2022-09-27 00:00:00,4.1892
2022-09-27 04:00:00,4.0617
2022-09-27 08:00:00,4.1039
2022-09-27 12:00:00,4.2264
2022-09-27 16:00:00,4.1487
2022-09-27 20:00:00,4.1863
2022-09-28 00:00:00,4.2522
2022-09-28 04:00:00,4.0632
2022-09-28 08:00:00,4.0373
2022-09-28 12:00:00,4.1831
2022-09-28 16:00:00,4.1746
2022-09-28 20:00:00,4.2688
2022-09-29 00:00:00,4.3327
2022-09-29 04:00:00,4.0941
2022-09-29 08:00:00,3.9738
2022-09-29 12:00:00,4.0807
2022-09-29 16:00:00,4.1578
2022-09-29 20:00:00,4.3269
2022-09-30 00:00:00,4.4152
2022-09-30 04:00:00,4.1235
2022-09-30 08:00:00,3.9416
2022-09-30 12:00:00,4.0011
2022-09-30 16:00:00,4.1468
2022-09-30 20:00:00,4.3555
2022-10-01 00:00:00,4.4838
2022-10-01 04:00:00,4.2611
2022-10-01 08:00:00,4.0364
2022-10-01 12:00:00,3.9645
2022-10-01 16:00:00,4.0770
2022-10-01 20:00:00,4.2782
2022-10-02 00:00:00,4.4548
2022-10-02 04:00:00,4.3031
2022-10-02 08:00:00,4.0491
2022-10-02 12:00:00,3.8654
2022-10-02 16:00:00,3.9675
2022-10-02 20:00:00,4.1678
2022-10-03 00:00:00,4.4142
2022-10-03 04:00:00,4.3453
2022-10-03 08:00:00,4.1334
2022-10-03 12:00:00,3.8896
2022-10-03 16:00:00,3.9500
2022-10-03 20:00:00,4.1326
2022-10-04 00:00:00,4.3726
2022-10-04 04:00:00,4.4095
2022-10-04 08:00:00,4.3044
2022-10-04 12:00:00,4.0365
2022-10-04 16:00:00,4.0478
2022-10-04 20:00:00,4.2341
2022-10-05 00:00:00,4.5151
2022-10-05 04:00:00,4.6242
2022-10-05 08:00:00,4.5363
2022-10-05 12:00:00,4.1795
2022-10-05 16:00:00,4.0401
2022-10-05 20:00:00,4.1258
2022-10-06 00:00:00,4.3075
2022-10-06 04:00:00,4.4090
2022-10-06 08:00:00,4.4492
2022-10-06 12:00:00,4.1953
2022-10-06 16:00:00,4.0239
2022-10-06 20:00:00,4.0920
2022-10-07 00:00:00,4.2241
2022-10-07 04:00:00,4.2896
2022-10-07 08:00:00,4.3745
2022-10-07 12:00:00,4.2466
2022-10-07 16:00:00,4.0724
2022-10-07 20:00:00,4.1034
2022-10-08 00:00:00,4.1813
2022-10-08 04:00:00,4.1821
2022-10-08 08:00:00,4.2814
2022-10-08 12:00:00,4.2603
2022-10-08 16:00:00,4.1275
2022-10-08 20:00:00,4.1612
2022-10-09 00:00:00,4.2039
2022-10-09 04:00:00,4.1286
2022-10-09 08:00:00,4.2043
2022-10-09 12:00:00,4.2939
2022-10-09 16:00:00,4.2235
2022-10-09 20:00:00,4.2669
2022-10-10 00:00:00,4.3088
2022-10-10 04:00:00,4.1675
2022-10-10 08:00:00,4.2060
2022-10-10 12:00:00,4.2974
2022-10-10 16:00:00,4.2434
2022-10-10 20:00:00,4.3037
2022-10-11 00:00:00,4.3431
2022-10-11 04:00:00,4.1396
2022-10-11 08:00:00,4.0739
2022-10-11 12:00:00,4.1774
2022-10-11 16:00:00,4.2249
2022-10-11 20:00:00,4.3385
2022-10-12 00:00:00,4.3566
2022-10-12 04:00:00,4.1013
2022-10-12 08:00:00,3.9843
2022-10-12 12:00:00,4.0427
2022-10-12 16:00:00,4.1443
2022-10-12 20:00:00,4.3182
2022-10-13 00:00:00,4.3620
2022-10-13 04:00:00,4.0868
2022-10-13 08:00:00,3.9256
2022-10-13 12:00:00,3.9405
2022-10-13 16:00:00,4.0725
2022-10-13 20:00:00,4.2904
2022-10-14 00:00:00,4.3973
2022-10-14 04:00:00,4.1281
2022-10-14 08:00:00,3.9250
2022-10-14 12:00:00,3.8874
2022-10-14 16:00:00,4.0243
2022-10-14 20:00:00,4.2775
2022-10-15 00:00:00,4.4372
2022-10-15 04:00:00,4.2033
2022-10-15 08:00:00,4.0004
2022-10-15 12:00:00,3.9050
2022-10-15 16:00:00,4.0165
2022-10-15 20:00:00,4.2519
2022-10-16 00:00:00,4.4661
2022-10-16 04:00:00,4.2653
2022-10-16 08:00:00,4.0791
2022-10-16 12:00:00,3.9532
2022-10-16 16:00:00,4.0433
2022-10-16 20:00:00,4.2958
2022-10-17 00:00:00,4.5232
2022-10-17 04:00:00,4.3571
2022-10-17 08:00:00,4.1482
2022-10-17 12:00:00,3.9631
2022-10-17 16:00:00,4.0276
2022-10-17 20:00:00,4.2321
2022-10-18 00:00:00,4.4236
2022-10-18 04:00:00,4.3163
2022-10-18 08:00:00,4.1299
2022-10-18 12:00:00,3.9466
2022-10-18 16:00:00,4.0048
2022-10-18 20:00:00,4.1704
2022-10-19 00:00:00,4.3393
2022-10-19 04:00:00,4.3109
2022-10-19 08:00:00,4.1965
2022-10-19 12:00:00,4.0286
2022-10-19 16:00:00,4.0950
2022-10-19 20:00:00,4.2322
2022-10-20 00:00:00,4.3767
2022-10-20 04:00:00,4.3565
2022-10-20 08:00:00,4.2854
2022-10-20 12:00:00,4.0992
2022-10-20 16:00:00,4.1304
2022-10-20 20:00:00,4.2588
2022-10-21 00:00:00,4.3670
2022-10-21 04:00:00,4.3878
2022-10-21 08:00:00,4.3575
2022-10-21 12:00:00,4.1880
2022-10-21 16:00:00,4.1678
2022-10-21 20:00:00,4.2867
2022-10-22 00:00:00,4.3518
2022-10-22 04:00:00,4.3564
2022-10-22 08:00:00,4.3719
2022-10-22 12:00:00,4.2627
2022-10-22 16:00:00,4.2414
2022-10-22 20:00:00,4.3464
2022-10-23 00:00:00,4.3532
2022-10-23 04:00:00,4.3244
2022-10-23 08:00:00,4.3890
2022-10-23 12:00:00,4.3593
2022-10-23 16:00:00,4.3116
2022-10-23 20:00:00,4.4101
2022-10-24 00:00:00,4.3712
2022-10-24 04:00:00,4.2981
2022-10-24 08:00:00,4.3558
2022-10-24 12:00:00,4.3972
2022-10-24 16:00:00,4.3600
2022-10-24 20:00:00,4.4482
2022-10-25 00:00:00,4.3880
2022-10-25 04:00:00,4.1785
2022-10-25 08:00:00,4.1685
2022-10-25 12:00:00,4.2720
2022-10-25 16:00:00,4.2924
2022-10-25 20:00:00,4.4284
2022-10-26 00:00:00,4.4103
2022-10-26 04:00:00,4.1211
2022-10-26 08:00:00,4.0755
2022-10-26 12:00:00,4.2356
2022-10-26 16:00:00,4.3183
2022-10-26 20:00:00,4.4759
2022-10-27 00:00:00,4.4455
2022-10-27 04:00:00,4.0994
2022-10-27 08:00:00,3.9686
2022-10-27 12:00:00,4.1206
2022-10-27 16:00:00,4.2622
2022-10-27 20:00:00,4.4813
2022-10-28 00:00:00,4.4980
2022-10-28 04:00:00,4.0998
2022-10-28 08:00:00,3.8847
2022-10-28 12:00:00,3.9858
2022-10-28 16:00:00,4.2204
2022-10-28 20:00:00,4.4866
2022-10-29 00:00:00,4.5634
2022-10-29 04:00:00,4.1517
2022-10-29 08:00:00,3.8692
2022-10-29 12:00:00,3.8862
2022-10-29 16:00:00,4.1395
2022-10-29 20:00:00,4.4161
2022-10-30 00:00:00,4.5506
2022-10-30 04:00:00,4.2119
2022-10-30 08:00:00,3.8688
2022-10-30 12:00:00,3.8046
2022-10-30 16:00:00,4.0340
2022-10-30 20:00:00,4.3062
2022-10-31 00:00:00,4.4486
2022-10-31 04:00:00,4.2335
2022-10-31 08:00:00,3.9487
2022-10-31 12:00:00,3.7731
2022-10-31 16:00:00,3.9508
2022-10-31 20:00:00,4.2151
2022-11-01 00:00:00,4.3742
2022-11-01 04:00:00,4.2545
2022-11-01 08:00:00,4.0200
2022-11-01 12:00:00,3.8111
2022-11-01 16:00:00,3.9263
2022-11-01 20:00:00,4.1573
2022-11-02 00:00:00,4.3139
2022-11-02 04:00:00,4.2703
2022-11-02 08:00:00,4.1225
2022-11-02 12:00:00,3.9160
2022-11-02 16:00:00,3.9706
2022-11-02 20:00:00,4.1369
2022-11-03 00:00:00,4.2680
2022-11-03 04:00:00,4.2708
2022-11-03 08:00:00,4.2389
2022-11-03 12:00:00,4.1000
2022-11-03 16:00:00,4.1367
2022-11-03 20:00:00,4.2760
2022-11-04 00:00:00,4.3457
2022-11-04 04:00:00,4.3532
2022-11-04 08:00:00,4.3614
2022-11-04 12:00:00,4.2534
2022-11-04 16:00:00,4.2199
2022-11-04 20:00:00,4.3026
2022-11-05 00:00:00,4.2836
2022-11-05 04:00:00,4.2276
2022-11-05 08:00:00,4.2698
2022-11-05 12:00:00,4.2568
2022-11-05 16:00:00,4.2630
2022-11-05 20:00:00,4.3475
2022-11-06 00:00:00,4.2478
2022-11-06 04:00:00,4.1362
2022-11-06 08:00:00,4.1841
2022-11-06 12:00:00,4.2685
2022-11-06 16:00:00,4.3174
2022-11-06 20:00:00,4.4144
2022-11-07 00:00:00,4.3145
2022-11-07 04:00:00,4.1063
2022-11-07 08:00:00,4.1088
2022-11-07 12:00:00,4.2410
2022-11-07 16:00:00,4.3474
2022-11-07 20:00:00,4.4689
2022-11-08 00:00:00,4.3849
2022-11-08 04:00:00,4.1103
2022-11-08 08:00:00,4.0466
2022-11-08 12:00:00,4.2174
2022-11-08 16:00:00,4.3877
2022-11-08 20:00:00,4.5516
2022-11-09 00:00:00,4.4887
2022-11-09 04:00:00,4.1650
2022-11-09 08:00:00,4.0331
2022-11-09 12:00:00,4.1668
2022-11-09 16:00:00,4.3629
2022-11-09 20:00:00,4.5775
2022-11-10 00:00:00,4.5542
2022-11-10 04:00:00,4.2333
2022-11-10 08:00:00,4.0706
2022-11-10 12:00:00,4.1810
2022-11-10 16:00:00,4.4135
2022-11-10 20:00:00,4.6549
2022-11-11 00:00:00,4.6072
2022-11-11 04:00:00,4.2156
2022-11-11 08:00:00,3.9724
2022-11-11 12:00:00,4.0385
2022-11-11 16:00:00,4.2552
2022-11-11 20:00:00,4.5258
2022-11-12 00:00:00,4.5203
2022-11-12 04:00:00,4.1874
2022-11-12 08:00:00,3.9629
2022-11-12 12:00:00,3.9632
2022-11-12 16:00:00,4.1639
2022-11-12 20:00:00,4.4425
2022-11-13 00:00:00,4.4923
2022-11-13 04:00:00,4.1780
2022-11-13 08:00:00,3.9408
2022-11-13 12:00:00,3.9172
2022-11-13 16:00:00,4.1039
2022-11-13 20:00:00,4.3594
2022-11-14 00:00:00,4.4347
2022-11-14 04:00:00,4.1561
2022-11-14 08:00:00,3.9176
2022-11-14 12:00:00,3.8736
2022-11-14 16:00:00,4.0675
2022-11-14 20:00:00,4.3055
2022-11-15 00:00:00,4.3998
2022-11-15 04:00:00,4.1646
2022-11-15 08:00:00,3.9588
2022-11-15 12:00:00,3.9141
2022-11-15 16:00:00,4.0903
2022-11-15 20:00:00,4.2864
2022-11-16 00:00:00,4.4104
2022-11-16 04:00:00,4.2792
2022-11-16 08:00:00,4.1152
2022-11-16 12:00:00,4.0689
2022-11-16 16:00:00,4.2212
2022-11-16 20:00:00,4.4104
2022-11-17 00:00:00,4.5062
2022-11-17 04:00:00,4.4073
2022-11-17 08:00:00,4.2656
2022-11-17 12:00:00,4.1487
2022-11-17 16:00:00,4.2642
2022-11-17 20:00:00,4.4309
2022-11-18 00:00:00,4.5174
2022-11-18 04:00:00,4.4814
2022-11-18 08:00:00,4.3553
2022-11-18 12:00:00,4.2039
2022-11-18 16:00:00,4.2772
2022-11-18 20:00:00,4.3895
2022-11-19 00:00:00,4.3983
2022-11-19 04:00:00,4.3479
2022-11-19 08:00:00,4.3032
2022-11-19 12:00:00,4.1774
2022-11-19 16:00:00,4.2508
2022-11-19 20:00:00,4.3449
2022-11-20 00:00:00,4.2795
2022-11-20 04:00:00,4.2029
2022-11-20 08:00:00,4.1929
2022-11-20 12:00:00,4.1596
2022-11-20 16:00:00,4.2467
2022-11-20 20:00:00,4.3443
2022-11-21 00:00:00,4.2093
2022-11-21 04:00:00,4.0750
2022-11-21 08:00:00,4.1000
2022-11-21 12:00:00,4.1786
2022-11-21 16:00:00,4.2896
2022-11-21 20:00:00,4.3929
2022-11-22 00:00:00,4.2459
2022-11-22 04:00:00,4.0340
2022-11-22 08:00:00,4.0542
2022-11-22 12:00:00,4.2284
2022-11-22 16:00:00,4.4117
2022-11-22 20:00:00,4.5766
2022-11-23 00:00:00,4.4098
2022-11-23 04:00:00,4.1732
2022-11-23 08:00:00,4.1487
2022-11-23 12:00:00,4.3855
2022-11-23 16:00:00,4.5622
2022-11-23 20:00:00,4.7223
2022-11-24 00:00:00,4.5776
2022-11-24 04:00:00,4.1887
2022-11-24 08:00:00,4.0784
2022-11-24 12:00:00,4.2802
2022-11-24 16:00:00,4.5123
2022-11-24 20:00:00,4.7573
2022-11-25 00:00:00,4.6914
2022-11-25 04:00:00,4.2579
2022-11-25 08:00:00,4.0542
2022-11-25 12:00:00,4.2347
2022-11-25 16:00:00,4.5129
2022-11-25 20:00:00,4.7920
2022-11-26 00:00:00,4.7648
2022-11-26 04:00:00,4.2778
2022-11-26 08:00:00,3.9664
2022-11-26 12:00:00,4.0836
2022-11-26 16:00:00,4.3691
2022-11-26 20:00:00,4.6463
2022-11-27 00:00:00,4.6464
2022-11-27 04:00:00,4.2105
2022-11-27 08:00:00,3.8935
2022-11-27 12:00:00,3.9582
2022-11-27 16:00:00,4.2520
2022-11-27 20:00:00,4.5421
2022-11-28 00:00:00,4.6088
2022-11-28 04:00:00,4.2445
2022-11-28 08:00:00,3.9182
2022-11-28 12:00:00,3.8965
2022-11-28 16:00:00,4.1767
2022-11-28 20:00:00,4.4488
2022-11-29 00:00:00,4.5643
2022-11-29 04:00:00,4.3241
2022-11-29 08:00:00,4.0599
2022-11-29 12:00:00,3.9839
2022-11-29 16:00:00,4.2389
2022-11-29 20:00:00,4.4942
2022-11-30 00:00:00,4.5991
2022-11-30 04:00:00,4.4909
2022-11-30 08:00:00,4.3194
2022-11-30 12:00:00,4.2274
2022-11-30 16:00:00,4.4197
2022-11-30 20:00:00,4.5769
2022-12-01 00:00:00,4.5834
2022-12-01 04:00:00,4.4943
2022-12-01 08:00:00,4.3607
2022-12-01 12:00:00,4.2408
2022-12-01 16:00:00,4.3542
2022-12-01 20:00:00,4.4625
2022-12-02 00:00:00,4.4398
2022-12-02 04:00:00,4.3773
2022-12-02 08:00:00,4.3273
2022-12-02 12:00:00,4.2831
2022-12-02 16:00:00,4.3823
2022-12-02 20:00:00,4.4633
2022-12-03 00:00:00,4.3724
2022-12-03 04:00:00,4.2799
2022-12-03 08:00:00,4.2853
2022-12-03 12:00:00,4.3305
2022-12-03 16:00:00,4.4392
2022-12-03 20:00:00,4.5002
2022-12-04 00:00:00,4.2938
2022-12-04 04:00:00,4.1575
2022-12-04 08:00:00,4.1811
2022-12-04 12:00:00,4.3221
2022-12-04 16:00:00,4.4617
2022-12-04 20:00:00,4.5236
2022-12-05 00:00:00,4.3003
2022-12-05 04:00:00,4.0850
2022-12-05 08:00:00,4.1013
2022-12-05 12:00:00,4.2986
2022-12-05 16:00:00,4.4751
2022-12-05 20:00:00,4.5686
2022-12-06 00:00:00,4.3343
2022-12-06 04:00:00,4.0266
2022-12-06 08:00:00,3.9545
2022-12-06 12:00:00,4.1514
2022-12-06 16:00:00,4.3923
2022-12-06 20:00:00,4.5503
2022-12-07 00:00:00,4.3341
2022-12-07 04:00:00,3.9492
2022-12-07 08:00:00,3.8558
2022-12-07 12:00:00,4.1021
2022-12-07 16:00:00,4.4239
2022-12-07 20:00:00,4.6385
2022-12-08 00:00:00,4.4494
2022-12-08 04:00:00,4.0113
2022-12-08 08:00:00,3.9324
2022-12-08 12:00:00,4.1553
2022-12-08 16:00:00,4.4477
2022-12-08 20:00:00,4.6674
2022-12-09 00:00:00,4.5378
2022-12-09 04:00:00,4.1423
2022-12-09 08:00:00,3.9404
2022-12-09 12:00:00,4.0885
2022-12-09 16:00:00,4.3928
2022-12-09 20:00:00,4.6505
2022-12-10 00:00:00,4.5612
2022-12-10 04:00:00,4.1337
2022-12-10 08:00:00,3.8882
2022-12-10 12:00:00,3.9928
2022-12-10 16:00:00,4.2722
2022-12-10 20:00:00,4.5451
2022-12-11 00:00:00,4.4921
2022-12-11 04:00:00,4.0773
2022-12-11 08:00:00,3.8539
2022-12-11 12:00:00,3.9367
2022-12-11 16:00:00,4.1997
2022-12-11 20:00:00,4.4681
2022-12-12 00:00:00,4.4745
2022-12-12 04:00:00,4.0800
2022-12-12 08:00:00,3.8427
2022-12-12 12:00:00,3.9046
2022-12-12 16:00:00,4.1592
2022-12-12 20:00:00,4.4134
2022-12-13 00:00:00,4.4336
2022-12-13 04:00:00,4.0987
2022-12-13 08:00:00,3.8667
2022-12-13 12:00:00,3.9056
2022-12-13 16:00:00,4.1756
2022-12-13 20:00:00,4.4063
2022-12-14 00:00:00,4.4735
2022-12-14 04:00:00,4.2063
2022-12-14 08:00:00,3.9906
2022-12-14 12:00:00,4.0339
2022-12-14 16:00:00,4.2564
2022-12-14 20:00:00,4.4591
2022-12-15 00:00:00,4.4650
2022-12-15 04:00:00,4.2728
2022-12-15 08:00:00,4.0848
2022-12-15 12:00:00,4.1263
2022-12-15 16:00:00,4.3010
2022-12-15 20:00:00,4.4264
2022-12-16 00:00:00,4.3869
2022-12-16 04:00:00,4.2309
2022-12-16 08:00:00,4.0969
2022-12-16 12:00:00,4.1262
2022-12-16 16:00:00,4.2932
2022-12-16 20:00:00,4.3825
2022-12-17 00:00:00,4.2492
2022-12-17 04:00:00,4.1706
2022-12-17 08:00:00,4.1108
2022-12-17 12:00:00,4.1624
2022-12-17 16:00:00,4.3192
2022-12-17 20:00:00,4.3673
2022-12-18 00:00:00,4.2278
2022-12-18 04:00:00,4.1411
2022-12-18 08:00:00,4.1407
2022-12-18 12:00:00,4.2353
2022-12-18 16:00:00,4.3992
2022-12-18 20:00:00,4.4279
2022-12-19 00:00:00,4.2118
2022-12-19 04:00:00,4.1000
2022-12-19 08:00:00,4.1373
2022-12-19 12:00:00,4.2925
2022-12-19 16:00:00,4.4770
2022-12-19 20:00:00,4.5035
2022-12-20 00:00:00,4.2244
2022-12-20 04:00:00,4.0622
2022-12-20 08:00:00,4.1026
2022-12-20 12:00:00,4.3193
2022-12-20 16:00:00,4.5232
2022-12-20 20:00:00,4.6115
2022-12-21 00:00:00,4.2592
2022-12-21 04:00:00,4.0402
2022-12-21 08:00:00,4.0529
2022-12-21 12:00:00,4.3215
2022-12-21 16:00:00,4.5668
2022-12-21 20:00:00,4.7033
2022-12-22 00:00:00,4.3884
2022-12-22 04:00:00,4.0163
2022-12-22 08:00:00,3.9655
2022-12-22 12:00:00,4.2697
2022-12-22 16:00:00,4.5547
2022-12-22 20:00:00,4.7417
2022-12-23 00:00:00,4.4789
2022-12-23 04:00:00,4.0228
2022-12-23 08:00:00,3.8742
2022-12-23 12:00:00,4.1621
2022-12-23 16:00:00,4.4669
2022-12-23 20:00:00,4.7034
2022-12-24 00:00:00,4.5376
2022-12-24 04:00:00,4.0514
2022-12-24 08:00:00,3.8403
2022-12-24 12:00:00,4.1094
2022-12-24 16:00:00,4.3971
2022-12-24 20:00:00,4.6499
2022-12-25 00:00:00,4.6073
2022-12-25 04:00:00,4.1224
2022-12-25 08:00:00,3.8537
2022-12-25 12:00:00,4.0672
2022-12-25 16:00:00,4.3618
2022-12-25 20:00:00,4.6362
2022-12-26 00:00:00,4.6598
2022-12-26 04:00:00,4.2427
2022-12-26 08:00:00,3.9472
2022-12-26 12:00:00,4.0141
2022-12-26 16:00:00,4.2670
2022-12-26 20:00:00,4.5114
2022-12-27 00:00:00,4.5875
2022-12-27 04:00:00,4.2680
2022-12-27 08:00:00,3.9778
2022-12-27 12:00:00,3.9585
2022-12-27 16:00:00,4.1727
2022-12-27 20:00:00,4.3787
2022-12-28 00:00:00,4.4415
2022-12-28 04:00:00,4.2106
2022-12-28 08:00:00,3.9664
2022-12-28 12:00:00,3.9396
2022-12-28 16:00:00,4.1212
2022-12-28 20:00:00,4.2576
2022-12-29 00:00:00,4.3179
2022-12-29 04:00:00,4.1934
2022-12-29 08:00:00,4.0540
2022-12-29 12:00:00,4.0388
2022-12-29 16:00:00,4.1897
2022-12-29 20:00:00,4.2920
2022-12-30 00:00:00,4.2881
2022-12-30 04:00:00,4.2454
2022-12-30 08:00:00,4.2069
2022-12-30 12:00:00,4.2416
2022-12-30 16:00:00,4.3571
2022-12-30 20:00:00,4.4056
2022-12-31 00:00:00,4.2997
2022-12-31 04:00:00,4.2224
2022-12-31 08:00:00,4.2012
2022-12-31 12:00:00,4.2806
2022-12-31 16:00:00,4.3912
2022-12-31 20:00:00,4.4097
2023-01-01 00:00:00,4.2289
